"original_text","lang","place","compound","neg","neu","pos","sentiment","created_at","city","country","sentiment_int"
"RT @tejasvenii: Volunteers of  @derasachasauda is working 24/7 to help others in #Covid_19
  Sharing Some Tips To Stay Healthy
Wid D Inspir‚Ä¶","en","Ambala, India",0.5994,0,0.62,0.38,"pos",2020-04-19,"Ambala","India",1
"RT @dibsroy86: Pandemics demand democratic publicity not social media spectacles. My article in @thewire_in  on the need to chronicle Quoti‚Ä¶","en","Delhi, India",-0.128,0.13,0.87,0,"neg",2020-04-19,"Delhi","India",-1
"RT @BBCWorld: India coronavirus: Should people pay for their own Covid-19 tests? https://t.co/6MT4g0RUq8","en","Lucknow, India",-0.1027,0.219,0.781,0,"neg",2020-04-19,"Lucknow","India",-1
"RT @timesofindia: PCI asks govt, media houses to help journalists who have contracted COVID-19

#CoronavirusPandemic #CoronaVirusOutbreak‚Ä¶","en","Bengaluru, India",0.4019,0,0.748,0.252,"pos",2020-04-22,"Bengaluru","India",1
"RT @JPNadda: Our Honble PM @narendramodi leads the world in combating COVID-19. Ensuring safety &amp; security for the Indian people on one han‚Ä¶","en","India",-0.34,0.167,0.833,0,"neg",2020-04-22,NA,"India",-1
"RT @joyb37: Simple #singer #India #song #entertainment #perform #love for #people #StayHome #lockdown for #Covid_19 just üôèexpecting  #human‚Ä¶","en","Kolkata, India",0,0,1,0,"neu",2020-04-22,"Kolkata","India",0
"RT @YouthKiAwaaz: #COVID-19, self-quarantine, and social-distancing have all changed how we interact with each other, but also in many ways‚Ä¶","en","Gwalior, India",0,0,1,0,"neu",2020-04-23,"Gwalior","India",0
"RT @narendramodi: Exchanged views on the COVID-19 pandemic with PM @leehsienloong, and thanked him for the support and care being extended‚Ä¶","en","India",0.8442,0,0.331,0.669,"pos",2020-04-23,NA,"India",1
"RT @republic: 'India's response to COVID-19 has been proactive and graded': Dr. Harsh Vardhan to WHO https://t.co/vS209RibnU","en","New Delhi, India",-0.4404,0.293,0.707,0,"neg",2020-04-23,"New Delhi","India",-1
"Bangladesh decide to extend COVID-19 shutdown for 10 more days until May 5. They initially declared general holiday‚Ä¶ https://t.co/mY8WEn5gbb","en","Ahmadabad City, India",0.5267,0,0.672,0.328,"pos",2020-04-24,"Ahmadabad City","India",1
"RT @hpcl_retail: The #AarogyaSetuapp helps you stay safe and gives you the latest news and updates about COVID-19.

 iOS: https://t.co/ZEUz‚Ä¶","en","Kanpur, India",0.6808,0,0.556,0.444,"pos",2020-04-24,"Kanpur","India",1
"RT @PTI_News: COVID-19 situation especially serious in Ahmedabad, Surat, Thane, Hyderabad, Chennai: MHA","en","Bengaluru South, India",0,0,1,0,"neu",2020-04-24,"Bengaluru South","India",0
"RT @INCGoa: The Incompetent Modi Govt, inspite of timely warnings from @WHO &amp; @RahulGandhi, was ill-prepared, &amp; this has only added to our‚Ä¶","en","AP, India",-0.4939,0.375,0.625,0,"neg",2020-04-25,"AP","India",-1
"Single-use masks, gloves, and bottles of sanitizer shielding us from the spread of COVID-19 are ending up on the st‚Ä¶ https://t.co/7fyXGtA4vu","en","India",0,0,1,0,"neu",2020-04-25,NA,"India",0
"RT @svaradarajan: Dear I&amp;B min @PrakashJavdekar, please intervene to stop TN police intimidating https://t.co/GhkR4YgFka founder Andrew Sam‚Ä¶","en","Delhi, India",0.1027,0.159,0.652,0.188,"pos",2020-04-25,"Delhi","India",1
"RT @PawarSpeaks: @PMOIndia @nsitharamanoffc The pandemic #Covid_19 has hit urban areas the hardest and has battered urban economy. Aviation‚Ä¶","en","Kalyan Dombivali, India",0,0,1,0,"neu",2020-04-26,"Kalyan Dombivali","India",0
"Ramzan Mubarak! I pray for everyone‚Äôs safety, well-being and prosperity. May this Holy Month bring with it abundanc‚Ä¶ https://t.co/f9Bdf6Ggyu","en","Delhi, India",0.5267,0,0.694,0.306,"pos",2020-04-26,"Delhi","India",1
"RT @PMOIndia: COVID-19 has changed how we view things.

I am so happy to see the immense appreciation for the working of sanitation workers‚Ä¶","en","Pune, India",0,0,1,0,"neu",2020-04-26,"Pune","India",0
"RT @PrasantiSeni: @lets_foundation @KTRTRS @TSCSOffice @TelanganaCMO @ShantaThoutam @pallavipriya_ @SureshKumarAkk1 @GHMCOnline @bonthuramm‚Ä¶","en","Hyderabad, India",0,0,1,0,"neu",2020-04-27,"Hyderabad","India",0
"RT @lokeshchugh09: Thank you kbeat for featuring @nsui @NSUIDelhi  for the demands we kept in front of UGC for promoting students of 1st an‚Ä¶","en","Hyderabad, India",0.25,0.125,0.667,0.208,"pos",2020-04-27,"Hyderabad","India",1
"RT @BJP4Bengal: Join WB Doctor Forum at 11am to demand that unfortunate death of Dr Biplab Dasgupta, Assistant Director of Health Services,‚Ä¶","en","Jangipur, India",-0.4939,0.29,0.591,0.118,"neg",2020-04-27,"Jangipur","India",-1
"We support Lockdown
We support Social (Physical) distancing 
We support all things regarding to prevent COVID 19 vi‚Ä¶ https://t.co/VISzkZK1mR","en","Gujarat, India",0.802,0,0.465,0.535,"pos",2020-04-28,"Gujarat","India",1
"RT @ajeetmahale: Prof. Anand Teltumbde is 70 years and Mr. Gautam Navlakha is 67 years old. They surrendered before the NIA in Mumbai and D‚Ä¶","en","Mumbai, India",0,0,1,0,"neu",2020-04-28,"Mumbai","India",0
"RT @narendramodi: Discussed COVID-19 pandemic with good friend President @Jokowi. As close maritime neighbours and Compreshensive Strategic‚Ä¶","en","Hajipur, India",0.7269,0,0.596,0.404,"pos",2020-04-28,"Hajipur","India",1
"@Tradersschoice #ADAG if they announce Covid 19 testing, it will be construed as testing its remaining employees!
L‚Ä¶ https://t.co/PXEcqOVljg","en","India",0,0,1,0,"neu",2020-04-29,NA,"India",0
"RT @captjasdeep: Quite a distrurbing fact brought to light  by UN Chief - Ripple effects of lockdown , Naxalsim and threat therafter due to‚Ä¶","en","Jalandhar, Punjab,India",-0.5267,0.207,0.793,0,"neg",2020-04-29,"Jalandhar","India",-1
".@e4mevents #e4mwebinar  #Topic:- World beyond COVID 19 a boon and a bane for the Medi‚Ä¶ https://t.co/aRbZexfEOB","en","Mumbai, India",0,0,1,0,"neu",2020-04-29,"Mumbai","India",0
"RT @OIC_OCI: #OICCountriesCombatCOVID19 Pregnant and worried about #Coronavirus? Stay safe with these tips.
#COVID19 #COVID„Éº19 #COVID__19 #‚Ä¶","en","Uttar Pradesh, India",0.4404,0,0.58,0.42,"pos",2020-04-30,"Uttar Pradesh","India",1
"RT @tejaswinim007: Chess Checkmate Covid is a brilliant initiative by @PlayMPL and Karnataka govt @CTRavi_BJP. Time to play Chess and share‚Ä¶","en","Mumbai, India",0.8126,0,0.488,0.512,"pos",2020-04-30,"Mumbai","India",1
"RT @AmanKayamHai_ET: PM Modi today held a comprehensive meeting to discuss strategies to attract more foreign investments into India as wel‚Ä¶","en","India",0.3612,0,0.828,0.172,"pos",2020-04-30,NA,"India",1
"RT @SeekingN0rth: @sowmyaciyer @_arjunmohan_ @arvindrp @bhavanamittal @mohitgoel75 @SeekingNorth @sapna24desai @GhoshShanai @shibudotcom @a‚Ä¶","en","India",0,0,1,0,"neu",2020-05-01,NA,"India",0
"RT @sivaetb: #TamilNadu appoints seasoned IAS officer J Radhakrishnan as Special Nodal Officer for #ChennaiCorporation to deal with #Covid_‚Ä¶","en","India",0.4019,0,0.748,0.252,"pos",2020-05-01,NA,"India",1
"5 ITBP personnel test positive for COVID-19, at least 90 troops quarantined: Officials - PTI","en","Chennai, India",0,0,1,0,"neu",2020-05-01,"Chennai","India",0
"RT @AmitShah: Who else can understand the importance of keeping our motherland safe than our Armed forces.

Kudos to the CDS and our Armed‚Ä¶","en","Pune, India",0.4404,0,0.775,0.225,"pos",2020-05-02,"Pune","India",1
"RT @Arya_Star12: Doctors, police, media people, vegetable seller and many other frontline #CoronaWarriors are getting checked for #COVID__1‚Ä¶","en","India",0,0,1,0,"neu",2020-05-02,NA,"India",0
"Finally the @narendramodi gave tribute to the legendary actor #RishiKapoorji by opening up the liquor outlets acros‚Ä¶ https://t.co/IcY2uAUpej","en","Mumbai, India",0,0,1,0,"neu",2020-05-02,"Mumbai","India",0
"Now, in lockdown:

1. Karnataka: 11 arrested in Kolar for offering Namaz in Mosque

2. UP: Police booked 19 people‚Ä¶ https://t.co/e3RucS0EuI","en","Lucknow, India",-0.34,0.211,0.789,0,"neg",2020-05-03,"Lucknow","India",-1
"RT @rajnathsingh: The Armed Forces today have organised several activities to show their respect and express gratitude towards the Corona W‚Ä¶","en","India",0.4767,0,0.78,0.22,"pos",2020-05-03,NA,"India",1
"COVID-19 Impact &amp; Beyond - Lifesciences innovation &amp; Investment 
#biosectrx #COVID19 #Covid_19
https://t.co/YYLVYhlejU","en","India",0,0,1,0,"neu",2020-05-03,NA,"India",0
"While the COVID-19 pandemic has brought uncertainty in the job market, experts have highlighted that there are new‚Ä¶ https://t.co/S8RqMye56m","en","Maharashtra, India",0.34,0,0.769,0.231,"pos",2020-05-04,"Maharashtra","India",1
"RT @bopinion: Locusts have damaged more than 25 million hectares of farmland in Ethiopia, Kenya and Somalia. 

Worse is to come, but the co‚Ä¶","en","Bengaluru, India",0,0,1,0,"neu",2020-05-04,"Bengaluru","India",0
"@APPOLICE100 Sir, this is mallikarjunreddy sura, from kadapa, applied for epass on 20-04-2020. I am working in phar‚Ä¶ https://t.co/ETWuLA8fy6","en","Cuddapah, India",0,0,1,0,"neu",2020-05-04,"Cuddapah","India",0
"RT @sanjayjavin: #BiharFightsCorona  1st update of the day.1 more covid-19 +ve cases in bihar taking the total to 529.details are as below.‚Ä¶","en","New Delhi, India",0,0,1,0,"neu",2020-05-05,"New Delhi","India",0
"Mayawati says, if the government is unable to send them home for free, then BSP will pitch in 

https://t.co/JtNnpcmsOA","en","New Delhi, India",0.5106,0,0.708,0.292,"pos",2020-05-05,"New Delhi","India",1
"#RoutineImmunization services seems to be picking up to catch up the left outs due to the COVID--19 Pandemic‚Ä¶ https://t.co/iQzALvq4fa","en","Markacho, Kodarma, India",0,0,1,0,"neu",2020-05-05,"Markacho","India",0
"RT @OGAS2CAPF: Court Vindicates CAPF stand: IPS cannot seek deputation to CAPF upto IG-level
Stay vacation application of GoI DISMISSED. Co‚Ä¶","en","Gurgaon, India",0,0,1,0,"neu",2020-05-06,"Gurgaon","India",0
"@AmanKayamHai_ET @SimpleCommonMan And if hospital refuses to treat Covid-19 patients, then?","en","India",0.4019,0,0.597,0.403,"pos",2020-05-06,NA,"India",1
"@airnewsalerts Gujarat: A special train carrying migrant workers leaves from Sabarmati Railway Station in Ahmedabad‚Ä¶ https://t.co/5J0vlIqKue","en","India",0.4019,0,0.787,0.213,"pos",2020-05-06,NA,"India",1
"@CMMadhyaPradesh
@drnarottammisra
@DGP_MP
31 cops test positive for COVID-19 in Indore https://t.co/Ho1fZOSv5i","en","Indore, India",0,0,1,0,"neu",2020-05-07,"Indore","India",0
"RT @Nidhi: As COVID 19 cases rise, the Health Ministry won‚Äôt be doing a press briefing today. They had already cut down briefings by elimin‚Ä¶","en","Mumbai, India",-0.2732,0.16,0.84,0,"neg",2020-05-07,"Mumbai","India",-1
"RT @PTI_News: Delhi govt will give ex gratia of Rs one crore to family of Delhi Police constable Amit Kumar who died of COVID-19: CM Arvind‚Ä¶","en","India",-0.5994,0.196,0.804,0,"neg",2020-05-07,NA,"India",-1
"@Pijush_hazarika @himantabiswa @KrSanjayKrishna @TezpurBuzz @tulika_devi @Tezpuria2 @imvinodsharma @HardeepSPuri‚Ä¶ https://t.co/luspSJS8fI","en","Tezpur, India",0,0,1,0,"neu",2020-05-08,"Tezpur","India",0
"RT @BeingSalmanKhan: Here‚Äôs some reassuring news. LIFEBUOY is the WORLD'S FIRST BRAND to report that its handwash and sanitiser are 99.9% e‚Ä¶","en","Chandrapur, India",0,0,1,0,"neu",2020-05-08,"Chandrapur","India",0
"Varsity develops bio-safety devices to combat COVID-19 - https://t.co/2d4L59r0E2 https://t.co/FkdpjURlad","en","India",-0.34,0.286,0.714,0,"neg",2020-05-08,NA,"India",-1
"#BREAKING | One more tests #COVID19 positive in #Shillong.

https://t.co/dYkey7m2aZ","en","Guwahati, India",0,0,1,0,"neu",2020-05-09,"Guwahati","India",0
"RT @varunkrish: For those asking about the shield , you can order them from @3D_ing min 10 nos 

https://t.co/HVKbuzcCvV

Delivery via Spee‚Ä¶","en","India",-0.296,0.239,0.761,0,"neg",2020-05-09,NA,"India",-1
"I still can't get over the fact that arm chair experts spoke eloquently about lifting the #lockdown &amp; hoped that‚Ä¶ https://t.co/rgAgIt4ACd","en","Delhi, India",0.4404,0,0.756,0.244,"pos",2020-05-09,"Delhi","India",1
"RT @Reuters: More than 90% of Tokyo hospital beds for COVID-19 patients filled: government https://t.co/Mqp79zHIoZ https://t.co/nyvb5eKfag","en","Mumbai, India",0,0,1,0,"neu",2020-05-10,"Mumbai","India",0
"RT @JPNadda: Hon PM @narendramodi is leaving no stone unturned to protect &amp; support the citizens in difficult times. His leadership in this‚Ä¶","en","Ahmadabad City, India",0.4215,0.158,0.506,0.335,"pos",2020-05-10,"Ahmadabad City","India",1
"RT @pavithrabiyyapu: (1/4) @republic tractor drivers and media were allowed on the streets and no officers whatsoever were involved in this‚Ä¶","en","Vijayawada, India",0.2263,0,0.787,0.213,"pos",2020-05-10,"Vijayawada","India",1
"@NikhilkumSingh Hi Nikhil. Due to COVID-19, phone support is currently unavailable. To connect with a support speci‚Ä¶ https://t.co/JQQ1HqM7R8","en","India",0.6597,0,0.625,0.375,"pos",2020-05-11,NA,"India",1
"@darukaashish We regret the inconvenience, kindly DM us your contact number to assist you further. Due to COVID-19‚Ä¶ https://t.co/NL91PMv1C6","en","India",-0.3612,0.252,0.631,0.117,"neg",2020-05-11,NA,"India",-1
"RT @IndianExpress: During the hearing, defence advocate Harish Salve said one of the officers who had probed Goswami tested positive for Co‚Ä¶","en","India",0,0,1,0,"neu",2020-05-11,NA,"India",0
"RT @afwa_online: AFWA Makkaraparamba unit under @Afwa_MpmDc distributed packed foods to those who are facing difficulty to get food in thei‚Ä¶","en","Muvattupula, India",0,0,1,0,"neu",2020-05-12,"Muvattupula","India",0
"RT @SaketGokhale: Modi merely repeated tonight what his boss - the RSS chief - said 2 weeks ago (on 26th April). 

Covid-19 is merely an op‚Ä¶","en","Jaipur, India",0,0,1,0,"neu",2020-05-12,"Jaipur","India",0
"RT @JPNadda: On #InternationalNursesDay, I convey my gratitude to all the nurses, ASHAs, Anganwadi workers &amp; ANMs for their unwavering comp‚Ä¶","en","Deoria, India",0,0,1,0,"neu",2020-05-12,"Deoria","India",0
"RT @sdpikarnataka: WAKF BOARD AUR INSTITUTIONS KA INCOME AUR DEPOSIT KA PAISA MILLAT KE RELIEF AUR CHARITY KE LIYE FOURAN ISTEMAL KARAIN.
(‚Ä¶","en","Anekal Bangaluru, India",0.4767,0,0.86,0.14,"pos",2020-05-13,"Anekal Bangaluru","India",1
"Radio awareness on #Hajong by Radio BRAHMAPUTRA on COVID 19 in association with ASDMA. Thanks to @sdma_assam https://t.co/CmjG1JxVBe","en","Dibrugarh, India",0.3612,0,0.737,0.263,"pos",2020-05-13,"Dibrugarh","India",1
"@narendramodi hey sir, I have one request to u. please suggest us. How we can handle the situation of covid-19.we h‚Ä¶ https://t.co/wVN5g7IhS3","en","Goa, India",0,0,1,0,"neu",2020-05-13,"Goa","India",0
"RT @PTI_News: 472 fresh COVID-19 cases in Delhi cause highest single-day spike in national capital: Health authorities","en","New Delhi, India",0.3182,0,0.839,0.161,"pos",2020-05-14,"New Delhi","India",1
"RT @EconomicTimes: Currently, #Delhi is enjoying a 30% reduction in PM 2.5 matter, while the same figure for #Mumbai is over 50%, according‚Ä¶","en","New Delhi, India",0.5106,0,0.538,0.462,"pos",2020-05-14,"New Delhi","India",1
"RT @CAPramodLunawat: CBDT issues Press Release for TDS / TCS rates for the period 14.05.2020 to 31.03.2021 due to COVID-19 - https://t.co/Y‚Ä¶","en","Kolkata,India",0,0,1,0,"neu",2020-05-14,"Kolkata","India",0
"INDIA UNION HEALTH MINISTRY IS STILL NOT SATISFIED WITH THE EFFICACY OF TWO ANTIVIRAL DRUGS--REMDESIVIR AND FAVIPIR‚Ä¶ https://t.co/uBvXZGQAig","en","India",0,0,1,0,"neu",2020-05-15,NA,"India",0
"For COVID-19 conspiracy, China must be punished. We applaud @realDonaldTrump's effort. Not only the EU and NATO mem‚Ä¶ https://t.co/VPcGNoFoxp","en","India",-0.1027,0.236,0.556,0.208,"neg",2020-05-15,NA,"India",-1
"COVID -19 to #earthquake : https://t.co/DyJbrBFZST","en","Basti, India",0,0,1,0,"neu",2020-05-15,"Basti","India",0
"RT @AskAnshul: A child raised slogans of killing Modi, when his relative was cured of Covid-19 &amp; discharged from hospital in Indore.

Inste‚Ä¶","en","India",-0.6908,0.299,0.701,0,"neg",2020-05-16,NA,"India",-1
"RT @BadruddinAjmal: Please refrain yourself from shopping for Eid. Wearing new clothes in Eid is not Farz, so kindly stop endangering your‚Ä¶","en","Hyderabad, India",-0.296,0.167,0.833,0,"neg",2020-05-16,"Hyderabad","India",-1
"RT @007AliSohrab: Fake news and Modi government messaging fuelled India‚Äôs latest spiral of Islamophobia.
#Islamophobia_In_India
https://t.c‚Ä¶","en","Nanded, India",-0.4767,0.256,0.744,0,"neg",2020-05-16,"Nanded","India",-1
"RT @AmitShah: While Prime Minister @NarendraModi‚Äôs leadership in handling Covid-19 has outshined several developed nations, he has resolved‚Ä¶","en","Pune, India",0,0,1,0,"neu",2020-05-17,"Pune","India",0
"RT @PiyushGoyal: Imported COVID test swabs shifted to domestic production at 1/10 costs. A good example of Aatmanirbhar Bharat. 
#VocalForL‚Ä¶","en","New Delhi, India",0.4404,0,0.791,0.209,"pos",2020-05-17,"New Delhi","India",1
"RT @davidfrawleyved: EXPLAINED: Why taking over temple gold is in direct violation of Articles 25,¬†26 https://t.co/vRZkQn9bxh via @Financia‚Ä¶","en","Mumbai, India",0,0,1,0,"neu",2020-05-17,"Mumbai","India",0
"RT @pooraanINC: @sudhirchaudhary @ZeeNews Now onwards zeenews will spread

#coronavirus too

Along with

#mediavirus
Hindu Muslim virus

ht‚Ä¶","en","India",0,0,1,0,"neu",2020-05-18,NA,"India",0
"RT @zoo_bear: Can we have Aerial view of Zee Media Markaz in #Noida? According to largest reports, this is the new hotbed of #coronavirus s‚Ä¶","en","India",0,0,1,0,"neu",2020-05-18,NA,"India",0
"RT @mssirsa: Urgent Help needed üôèüèª

Mata Davinder Kaur Vasudeva Ji Admitted to Max Hospital Saket for Covid 19 Treatment requires _PLASMA_‚Ä¶","en","New Delhi, India",0.6486,0,0.674,0.326,"pos",2020-05-18,"New Delhi","India",1
"RT @goanewshub: @Visrane slammed his Kerala counterpart for giving wrong information claiming that the patient from Goa had come to Kerala,‚Ä¶","en","Goa, India",-0.6908,0.388,0.612,0,"neg",2020-05-19,"Goa","India",-1
"RT @thewire_in: ""The government does not want to listen. They don't want to listen to journalists, experts on the subject - they simply wan‚Ä¶","en","India",0.1531,0,0.755,0.245,"pos",2020-05-19,NA,"India",1
"RT @sanjayjavin: #BiharFightsCorona 2nd update of the day.53 more covid-19 +ve cases in bihar taking the total to 1495.the details are as f‚Ä¶","en","Begusarai, India",0,0,1,0,"neu",2020-05-19,"Begusarai","India",0
"Hey folks! Be a superhero by participating this event. This event is happening for good cause to get rid of COVID-1‚Ä¶ https://t.co/ceoHLO3Urf","en","Maharashtra, India",0.4404,0,0.791,0.209,"pos",2020-05-20,"Maharashtra","India",1
"RT @BJP4India: The percentage of positive tests in India hovers around 4-6%. That means you are keeping a very good eye on where the virus‚Ä¶","en","West Bengal, India",0.4404,0,0.775,0.225,"pos",2020-05-20,"West Bengal","India",1
"RT @CMOGuj: India records 0.2 Covid-19 deaths per lakh population as against global figure of 4.1: Health ministry
https://t.co/FRPBcE4L3N‚Ä¶","en","Gandhinagar, India",-0.5994,0.281,0.719,0,"neg",2020-05-20,"Gandhinagar","India",-1
"RT @GBA_RAHUL: *PROTEST DAY* 
against the anti working class &amp; anti people actions of GOI during Covid-19 .
@Abasandabea @manishb35933389‚Ä¶","en","Lucknow, India",-0.6808,0.485,0.515,0,"neg",2020-05-22,"Lucknow","India",-1
"Participated in the Apeejay Webinar on 'Media Landscape : Before and After Covid-19' held on 15th May 2020 by Prof.‚Ä¶ https://t.co/djK4OF4vpu","en","India",0,0,1,0,"neu",2020-05-22,NA,"India",0
"RT @SrBachchan: T 3638 - Lets help the elderly !! 
 #HappytoHelp task force for helping senior citizens medical attention, facing issues pr‚Ä¶","en","New Delhi, India",0.6597,0,0.671,0.329,"pos",2020-05-22,"New Delhi","India",1
"@sardesairajdeep What is empowered group - 1 and National Covid 19 action group?","en","India",0,0,1,0,"neu",2020-05-23,NA,"India",0
"RT @IndianExpress: #ExpressOpinion | ""We examine the demand vs supply debate drawing on basic economics and vast empirical evidence from ar‚Ä¶","en","India",-0.128,0.13,0.87,0,"neg",2020-05-23,NA,"India",-1
"RT @Anurag_Office: ""Announcements have taken a pause &amp; Action will continue‚Äù

‚ÄúModi Govt is known for swift and successful delivery of refo‚Ä¶","en","Kolkata, India",0.6705,0,0.645,0.355,"pos",2020-05-23,"Kolkata","India",1
"The Kerala Govt data on Covid tally is purely political.

They stopped Keralites stranded in other states or outsid‚Ä¶ https://t.co/JmTgmdU3X6","en","India",-0.296,0.167,0.833,0,"neg",2020-05-24,NA,"India",-1
"RT @ani_digital: Chief of Defence Staff Gen Bipin Rawat has started donating Rs 50,000 from his salary to be deducted every month for the n‚Ä¶","en","Punjab, India",0,0,1,0,"neu",2020-05-24,"Punjab","India",0
"RT @BeingPKfann: JanaSainiks help during Covid-19 lockdwn,
leaders &amp; followers 28000+

No of families helped-2,00,000+
Place's served 300+‚Ä¶","en","India",0.6597,0,0.597,0.403,"pos",2020-05-24,NA,"India",1
"RT @brutamerica: Donald Trump has been touting hydroxychloroquine as a miracle cure for Covid-19, in spite of medical warnings against its‚Ä¶","en","India",-0.6486,0.474,0.526,0,"neg",2020-05-25,NA,"India",-1
"China denies using #Coronavirus to grow presence in South China Sea

A look at recent developments in the‚Ä¶ https://t.co/5s6qMIWAsS","en","India",0,0,1,0,"neu",2020-05-25,NA,"India",0
"RT @AamAadmiParty: Delhi Government Orders 20% beds in 117 private hospitals to be reserved for Covid-19 surge..

https://t.co/Pp1DIxwK3b","en","India",0,0,1,0,"neu",2020-05-25,NA,"India",0
"After Medicos protest police harassment, IGP orders passage of Covid-19¬†warriors https://t.co/fgIbLvg5KE","en","India",-0.6369,0.426,0.574,0,"neg",2020-05-26,NA,"India",-1
"RT @IndiaSTS: Report of a Webinar, prepared by #AnupKumarDas @AannuuppK.
A #CODATA Connect #Webinar on ""#DataScience Enlightening the Path‚Ä¶","en","New Delhi, India",0.5106,0,0.602,0.398,"pos",2020-05-26,"New Delhi","India",1
"RT @ndtv: On Day One of air travel, Tamil Nadu passenger tests positive for #COVID19 https://t.co/16vRI2DQew https://t.co/3smPo6wru0","en","pune,India",0,0,1,0,"neu",2020-05-26,"pune","India",0
"RT @Prithvi79466699: My best friend has a fur and a tail.‚ù§üêï

#puppies #puppylove #puppylife #Covid_19 #WednesdayVibes #icantbreathe #chinai‚Ä¶","en","Mumbai, India",0.8126,0,0.213,0.787,"pos",2020-05-27,"Mumbai","India",1
"RT @stpiindia: #STPIPulse: Sh. Partha Sarathi Guha Patra, Founder CEO, @asadeltech &amp; Co-Founder &amp; Director, @SafetyKart will deliberate &amp; s‚Ä¶","en","Gandhinagar, India",0,0,1,0,"neu",2020-05-27,"Gandhinagar","India",0
"COVID-19 is also China  Made Right????? https://t.co/vvtGNijS4W","en","Bengaluru, India",0,0,1,0,"neu",2020-05-27,"Bengaluru","India",0
"Covid-19 Impact: Sakal Media Group closes its newspaper Sakal Times

@sakaltimes 

https://t.co/5vReeIfszQ","en","India",0,0,1,0,"neu",2020-05-28,NA,"India",0
"RT @Shivamo52356533: Are Grades more important then our life ? 
Who will take our responsibility?

This could be Dangerous for many student‚Ä¶","en","Dewas, India",-0.5267,0.298,0.702,0,"neg",2020-05-28,"Dewas","India",-1
"We should respect the Policemen of our country as they are working a lot for us in this crucial period.‚Ä¶ https://t.co/obSHdgP5Pu","en","India",0.4767,0,0.659,0.341,"pos",2020-05-28,NA,"India",1
"RT @eve_chantel: COVID-19 is a Global crisis so is Global Warming.Climate Action Must Be Taken
Save our planet
#ClimateStrikeOnline #Friday‚Ä¶","en","Pune, India",0.6249,0,0.638,0.362,"pos",2020-05-29,"Pune","India",1
"RT @thewire_in: While the national lockdown began only in the last week of March 2020, it's clearer now that consumer and business sentimen‚Ä¶","en","Kolkata, India",0,0,1,0,"neu",2020-05-29,"Kolkata","India",0
"RT @BrutIndia: In Kashmir, where restrictions are usually stricter than other parts of India, the Covid-19 lockdown has been tough on even‚Ä¶","en","Jammu & Kashmir, India",-0.4767,0.339,0.661,0,"neg",2020-05-29,"Jammu & Kashmir","India",-1
"RT @SaralPatel: 16 slide presentation released by @INCIndia to show the failures of the Modi Government on every front on the completion of‚Ä¶","en","Bihar, India",0,0,1,0,"neu",2020-05-30,"Bihar","India",0
"Diversified bases, local inventories, #ecommerce &amp; low-cost tech key for robust #supplychain: #CBRE

#robotics‚Ä¶ https://t.co/mENHaL361B","en","Mumbai, India",0.0772,0.183,0.609,0.209,"pos",2020-05-30,"Mumbai","India",1
"RT @MithunKumarG6: A marriage cannot have more than 50 people, a funeral cannot have more than 20 people but TV serial shooting can have 60‚Ä¶","en","Tamil Nadu, India",-0.34,0.286,0.714,0,"neg",2020-05-30,"Tamil Nadu","India",-1
"RT @PMOIndia: India's people driven fight against COVID-19. #MannKiBaat https://t.co/7fkmJzrcau","en","New Delhi, India",-0.3818,0.394,0.606,0,"neg",2020-05-31,"New Delhi","India",-1
"RT @DrNancyMalik: 46000 bottles of homeopathic medicine Arsenicum Album has been supplied to Vadodara (city in Gujrat state, India) as on 2‚Ä¶","en","Bhopal, India",0,0,1,0,"neu",2020-05-31,"Bhopal","India",0
"Final year students in Maharashtra, After Their exams got cancelled üòÄ
#oldvideo #Memes #MaharashtraWithCM‚Ä¶ https://t.co/z6mnBWgfx6","en","Navi Mumbai, India",-0.25,0.25,0.75,0,"neg",2020-05-31,"Navi Mumbai","India",-1
"@RayHudson Magistrial clear the covid-19..man from EnglandenaüòÄ","en","Guwahati, India",0.3818,0,0.606,0.394,"pos",2020-06-01,"Guwahati","India",1
"Community transmission of coronavirus infection has been well-established across large sections or sub-populations‚Ä¶ https://t.co/l3tgmCIoZQ","en","Hyderabad, India",0.2732,0,0.826,0.174,"pos",2020-06-01,"Hyderabad","India",1
"@CMO_Odisha I humbly request our govt not to leave any migrants under home quarantine without testing their swab fo‚Ä¶ https://t.co/67tHAkGndU","en","Rairangpur, India",0,0,1,0,"neu",2020-06-01,"Rairangpur","India",0
"RT @IndianMuslimahs: Cured Tablighis to Donate Plasma at Gandhi Hospital in Hyderabad for COVID-19 Patients 

Cured members of the Jamaat w‚Ä¶","en","Hyderabad, India",0,0,1,0,"neu",2020-06-03,"Hyderabad","India",0
"This

after 108K ·¥Ö·¥á·¥Ä·¥õ ús due to #Covid_19 https://t.co/t8MZC8XVqd","en","Bengaluru, India",0,0,1,0,"neu",2020-06-03,"Bengaluru","India",0
"Jan Aushadhi Kendras have become a life saviour during COVID-19 crisis.

Affordable medicines worth over Rs. 144 cr‚Ä¶ https://t.co/9S4SoJdr8V","en","Delhi, India",0.2263,0,0.853,0.147,"pos",2020-06-03,"Delhi","India",1
"Just in 
5 more tested positive for Covid-19 in Bandipora today. One each from Watapora, Naidkhai, Sonerwani, Khayar and Gurez.","en","India",0,0,1,0,"neu",2020-06-04,NA,"India",0
"RT @mynameswatik: Kerala has flattened the Covid'19 curve. 
Not just the best performance handling Covid amongst all states in India, Keral‚Ä¶","en","Patna, India",0.6369,0,0.724,0.276,"pos",2020-06-04,"Patna","India",1
"RT @ursbunnyv: One of my friend cousin who works in department found positive with COVID 19 on Monday. He is now in Gandhi hospital! His wi‚Ä¶","en","Hyderabad, India",0.4939,0,0.775,0.225,"pos",2020-06-04,"Hyderabad","India",1
"RT @Swamy39: One of Chennai‚Äôs most able and knowledgeable lawyers Mr S. Venkataraman and known as my team in Madras HC died today due to CO‚Ä¶","en","India",-0.5994,0.218,0.782,0,"neg",2020-06-05,NA,"India",-1
"RT @priyankadeo: Delhi is gonna be the new Maharashtra for COVID-19. 

Herd immunity takes months to be effective. If we had to do this, we‚Ä¶","en","India",0,0,1,0,"neu",2020-06-05,NA,"India",0
"RT @YoutuberMrJoy: Good Morning To All And Lets Congratulate Vindu Sir who always guide us in positive direction with his positive &amp; motiva‚Ä¶","en","Hyderabad, India",0.4404,0,0.791,0.209,"pos",2020-06-05,"Hyderabad","India",1
"@CMofKarnataka @BSYBJP @STSomashekarMLA Being a employee of DCC bank vijayapur,,proud to hand over our little contr‚Ä¶ https://t.co/eqy8azwWJP","en","Vijayapura, India",0.743,0,0.488,0.512,"pos",2020-06-06,"Vijayapura","India",1
"RT @IPR_Odisha: COVID-19 REPORT FOR 5th JUNE

New positive cases: 173
In quarantine: 150
Local contacts: 23

(Details of local contacts wil‚Ä¶","en","Cuttack, India",0,0,1,0,"neu",2020-06-06,"Cuttack","India",0
"RT @Shomes_quest: The Hypocrisy of the West knows no bounds. Simply they cannot digest the fact that Bharat is shining and doing well in it‚Ä¶","en","Delhi,India",0.2732,0,0.811,0.189,"pos",2020-06-06,"Delhi","India",1
"RT @smittal_ips: Lalit Gupta, 65 year old diabetic with 104 Temp., 60% Oxygen Level &amp; COVID-19 test report awaited, standing at Maharaja Ag‚Ä¶","en","India",0.1027,0,0.909,0.091,"pos",2020-06-07,NA,"India",1
"RT @PTI_News: Tamil Nadu government caps charges in private hospitals for COVID-19 treatment at Rs 15,000 per day in ICUs, in general ward‚Ä¶","en","Ahmedabad, India",0,0,1,0,"neu",2020-06-07,"Ahmedabad","India",0
"RT @CBagepalli: Heart-wrenching!

In BJP-ruled UP's Noida, 8 months pregnant woman dies in an ambulance, as she was denied admission by 7 h‚Ä¶","en","India",0,0,1,0,"neu",2020-06-07,NA,"India",0
"RT @MailOnline: People with psychopathic personality traits 'have a disproportionately large impact' on the COVID-19 pandemic https://t.co/‚Ä¶","en","New Delhi, India",0,0,1,0,"neu",2020-06-08,"New Delhi","India",0
"@ashutosh83B @ArvindKejriwal @SanjayAzadSln @BJP4India @INCIndia @narendramodi Help country to fight COVID-19 instead look for profit &amp; loss","en","Noida, India",0.1779,0.338,0.276,0.386,"pos",2020-06-08,"Noida","India",1
"News Scan for Jun 08, 2020

New Ebola outbreak grows

Low COVID-19 test sensitivity

No evidence of COVID hydroxych‚Ä¶ https://t.co/MDuovjo5Q9","en","India",-0.2732,0.139,0.861,0,"neg",2020-06-08,NA,"India",-1
"RT @BJP4India: I want to pay my tributes to the people who have lost their lives due to COVID-19 pandemic and Amphan: Shri @AmitShah #Bangl‚Ä¶","en","Bihar, India",-0.34,0.285,0.615,0.1,"neg",2020-06-09,"Bihar","India",-1
"RT @ShishirGoUP: CM @myogiadityanath begins his review meeting on COVID -19 with Team 11.@CMOfficeUP https://t.co/RCnzGbNnK5","en","Mathura, India",0,0,1,0,"neu",2020-06-09,"Mathura","India",0
"I want to pay my tributes to the people who have lost their lives due to COVID-19 pandemic and Amphan: Shri‚Ä¶ https://t.co/ue9EDkNqoP","en","Buxar, India",-0.34,0.285,0.615,0.1,"neg",2020-06-09,"Buxar","India",-1
"The International Council of Nurses (ICN) compiling data from &gt;30 countrie‚Äôs statistics, and Howard Cattin, ICN CEO‚Ä¶ https://t.co/1ie0WQf69G","en","Mumbai, India",0.2732,0,0.851,0.149,"pos",2020-06-10,"Mumbai","India",1
"RT @arnold9samuel: @HospitalsApollo urgent action is required, patient condition is serious and degrading fast. Very long que line. Fast te‚Ä¶","en","New Delhi, India",0.2023,0,0.87,0.13,"pos",2020-06-10,"New Delhi","India",1
"Disha Salian's postmortem &amp; funeral still pending because Shatabdi hospital is tied up with #coronavirus cases,‚Ä¶ https://t.co/mqpktKoZiF","en","Mumbai, India",0,0,1,0,"neu",2020-06-10,"Mumbai","India",0
"RT @PTI_News: Supreme Court takes suo motu cognizance of reports of improper handling of COVID-19 patients, undignified disposal of victims‚Ä¶","en","Mumbai, India",-0.2732,0.139,0.861,0,"neg",2020-06-11,"Mumbai","India",-1
"RT @AskAnshul: New cases of Covid-19 reported from Ratlam in Madhya Pradesh.

Aslam Baba, who died of Covid-19, used to cure people by kiss‚Ä¶","en","Mumbai, India",-0.2732,0.198,0.66,0.142,"neg",2020-06-11,"Mumbai","India",-1
"@rj_devang Where the whole world trying to stop community transmission and covid-19 chain; here indian institutions‚Ä¶ https://t.co/UrXRUVw5rv","en","Ahmadabad City, India",-0.296,0.196,0.804,0,"neg",2020-06-11,"Ahmadabad City","India",-1
"@indiatvnews I keen to know the truth about Covid 19. I think there are rare cases when people cured and returned b‚Ä¶ https://t.co/qkCdEAfLnn","en","Mumbai, India",0.5859,0,0.625,0.375,"pos",2020-06-12,"Mumbai","India",1
"RT @Milindsingh19: COVID-19 guidelines: 2020 fall intake https://t.co/zWbpUfVhgr","en","India",0,0,1,0,"neu",2020-06-12,NA,"India",0
"RT @firstpost: Lockdown will not be extended in #Maharashtra, said Chief Minister #UddhavThackeray on Friday. He further appealed people to‚Ä¶","en","Uttar Pradesh, India",0.1779,0,0.805,0.195,"pos",2020-06-12,"Uttar Pradesh","India",1
"@Debojyo04532898 

Sir, when  Covid 19 test kit ""Feluda"" is game changer will be available in market?

How long it‚Ä¶ https://t.co/PFkKlTK0BL","en","India",0,0,1,0,"neu",2020-06-13,NA,"India",0
"RT @siddusss: Woman represent 42% of all migrant workers and plays important role in health services which expose them to COVID-19. They ar‚Ä¶","en","Hyderabad, India",0.34,0,0.821,0.179,"pos",2020-06-13,"Hyderabad","India",1
"RT @mehaksh56933788: NO TO EXAMS...GNDU students urges to cancel the exams of final year students. It is not viable to even think about exa‚Ä¶","en","Punjab, India",-0.25,0.143,0.857,0,"neg",2020-06-13,"Punjab","India",-1
"RT @WIONews: Spanish Flu vs Coronavirus: The first wave of the flu was not as deadly as the second, which claimed the lives of over 50 mill‚Ä¶","en","India",-0.6369,0.366,0.634,0,"neg",2020-06-14,NA,"India",-1
"RT @27_viraj: During Covid 19, University, RGPV Bhopal is organizing Final sem offline exams as well as the exam centers are 40km away from‚Ä¶","en","Bhopal, India",0.2732,0,0.861,0.139,"pos",2020-06-14,"Bhopal","India",1
"Covid-19 peak in India may arrive mid-November, paucity of ICU beds, ventilators likely: Study | India News - Times‚Ä¶ https://t.co/F4MWOBK88x","en","Rajasthan, India",0.3612,0,0.857,0.143,"pos",2020-06-14,"Rajasthan","India",1
"RT @PawanKalyan: A short video by @watermanofindia  how Gangaputra Dr. G.D Agarwal ji sacrificed his life for ‚ÄòMaa Ganga‚Äôs Aviralatha and N‚Ä¶","en","Vishakhapatnam, India",0,0,1,0,"neu",2020-06-15,"Vishakhapatnam","India",0
"RT @AmitShah: Visited LNJP Hospital in Delhi and held comprehensive discussion with the doctors and officials on the COVID-19 situation. Al‚Ä¶","en","India",0,0,1,0,"neu",2020-06-15,NA,"India",0
"RT @chennaicorp: Dear Chennaites,

Greater Chennai Corporation is now on Telegram Channel. Join to know more updates about Chennai's action‚Ä¶","en","Chennai, India",0.743,0,0.552,0.448,"pos",2020-06-15,"Chennai","India",1
"RT @08Vanshika: As a precautionary measure &amp; spreading of COVID-19 across the country with much uncertainty and speculation in the air our‚Ä¶","en","India",0,0,1,0,"neu",2020-06-17,NA,"India",0
"RT @NamoApp: PM @narendramodi's remarks at meeting with Chief Ministers on Covid-19 issue https://t.co/N50UB2zFCD","en","Vapi, India",0,0,1,0,"neu",2020-06-17,"Vapi","India",0
"COVID-19 IMPACT ON POLICE / CAPFs as on 16 June: 
Steadily rising number of infections in frontline police personne‚Ä¶ https://t.co/j2ueCRk0WX","en","New Delhi, India",0.0772,0,0.894,0.106,"pos",2020-06-17,"New Delhi","India",1
"@DrSJaishankar @FP_Champagne Sir, pls we request you, its been already 3 MONTHS since we stuck. 

UAE has now succe‚Ä¶ https://t.co/9XNOlNoRkH","en","India",-0.25,0.2,0.8,0,"neg",2020-06-19,NA,"India",-1
"RT @BlogDrive: Diagnosed which would have made her a spreader of #Covid_19 

A government which is not shy of testing and declaring the rig‚Ä¶","en","Indore, India",-0.128,0.158,0.842,0,"neg",2020-06-19,"Indore","India",-1
"Covid-19: What you need to know today
https://t.co/0MR0THcPlC","en","New Delhi, India",0,0,1,0,"neu",2020-06-19,"New Delhi","India",0
"RT @firstpost: #Maharashtra records 3,874 coronavirus cases today, taking state's total to 1,28,205; toll rises to 5,984 with 160 new death‚Ä¶","en","Vadodara, Gujarat, India",-0.5994,0.281,0.719,0,"neg",2020-06-20,"Vadodara","India",-1
"RT @ndtv: ""Why separate guidelines for Delhi?"": Arvind Kejriwal on 5-day mandatory isolation for #COVID19 patients https://t.co/chO7RxF0z7‚Ä¶","en","Kolkata, India",0,0,1,0,"neu",2020-06-20,"Kolkata","India",0
"RT @DeshGujarat: India's Glenmark Pharmaceuticals launches antiviral oral drug Favipiravir, which is to be sold under brand name FabiFlu, f‚Ä¶","en","New Delhi, India",0,0,1,0,"neu",2020-06-20,"New Delhi","India",0
"RT @OpIndia_com: Curious case of ‚ÄòUnited Nations‚Äô NGO appreciating ‚ÄòKingdom of Mamata Banerjee‚Äô for their Covid-19 work. @LekhakAnurag and‚Ä¶","en","India",0,0,1,0,"neu",2020-08-20,NA,"India",0
"RT @AsYouNotWish: I hope, the BMC will also follow the COVID-19 protocols when Aamir Khan returns to India from Turkey.

Mumbai Police just‚Ä¶","en","New Delhi, India",0.4404,0,0.805,0.195,"pos",2020-08-20,"New Delhi","India",1
"RT @sonaliranade: ‚Äú‚Ä¶ you realise India is doing very poorly. In China, Covid-19 deaths per million population is 3. In India it is 34. With‚Ä¶","en","Mumbai, India",-0.5994,0.302,0.698,0,"neg",2020-08-20,"Mumbai","India",-1
"RT @Swamy39: Since the number of new COVID 19 cases has soared to 70, 000 per day, it is in the balance of public interest that Education M‚Ä¶","en","India",0.5106,0,0.699,0.301,"pos",2020-08-21,NA,"India",1
"RT @Sheikh_Sabeer: First of all, we hv 2 understand why do children study? Why do they give exams? Bcoz their future can be bright &amp; they c‚Ä¶","en","India",0.4404,0,0.756,0.244,"pos",2020-08-21,NA,"India",1
"RT @amitbhawani: Dear God,
Do accept the request of @thesharmanjoshi @ActorMadhavan @aamir_khan against the #CoronaVirus https://t.co/4my6p‚Ä¶","en","New Delhi, India",0.743,0,0.12,0.88,"pos",2020-08-21,"New Delhi","India",1
"‚ÄùHe (Kohli) had quarantined himself in Mumbai and also tested himself for Covid-19. So he could not come to Bangalo‚Ä¶ https://t.co/GcV2NzDnEB","en","Vinukonda, India",0,0,1,0,"neu",2020-08-22,"Vinukonda","India",0
"Assam reported 1,856 new COVID-19 infections on Friday out of 36,180 tests conducted; reaching a cumulative figure‚Ä¶ https://t.co/f39ybdBeoq","en","Guwahati, India",0.0258,0,0.901,0.099,"pos",2020-08-22,"Guwahati","India",1
"RT @IYCWestBengal: One Day figure of Covid 19 !

Parliament is Closed due to fear of Corona But they want to make students go out to give e‚Ä¶","en","Kanpur, India",-0.4404,0.194,0.727,0.079,"neg",2020-08-22,"Kanpur","India",-1
"RT @BanglarGorboMB: In the first 3 months of 2020, no one could say what the world and Bengal would have to battle. We have been combating‚Ä¶","en","Jalpaiguri, India",-0.34,0.211,0.789,0,"neg",2020-08-23,"Jalpaiguri","India",-1
"RT @SriSri: As part of the ongoing #COVID relief work, @iahv donated 10 High-flow oxygen systems to a civil hospital in Ahmednagar. https:/‚Ä¶","en","Pune, Maharashtra, India",0.4767,0,0.795,0.205,"pos",2020-08-23,"Pune","India",1
"#FICoronaUpdates Live Updates of Coronavirus
(Date: 23 August 2020, Time: 10:00 PM)

#Coronavirus #CoronaUpdate‚Ä¶ https://t.co/YnWvFRuXzU","en","Jaipur, India",0,0,1,0,"neu",2020-08-23,"Jaipur","India",0
"@ysjagan sir Covid 19 treatement is not good in government hospitals. In private hospitals not treated  Y S R Aarog‚Ä¶ https://t.co/xXbuC65ymf","en","Kakinada, India",0.6808,0,0.588,0.412,"pos",2020-08-24,"Kakinada","India",1
"RT @Benarasiyaa: In UP's Varanasi, body of a Covid-19 positive youth admitted at BHU's Sir Sunderlal hospital was recovered. Family had lod‚Ä¶","en","Hyderabad, India",0.2023,0,0.87,0.13,"pos",2020-08-24,"Hyderabad","India",1
"RT @silcharliveIN: Covid-19: 133 new cases in Cachar; 3 more deaths https://t.co/gM0nUk9hq8","en","Silchar, India",-0.5994,0.494,0.506,0,"neg",2020-08-24,"Silchar","India",-1
"RT @Kanhaiy57081908: Why? 
Is  it  right? 
          Gov. Of india always hold virtual meeting and expect that students out from home ""to t‚Ä¶","en","Bhilwara, India",0,0,1,0,"neu",2020-08-26,"Bhilwara","India",0
"RT @arnabofficial7: JEE NEET students are pleading to save them from COVID 19 situation only Modi ji has final power to postpone exam now.‚Ä¶","en","Hyderabad, India",0.4939,0,0.789,0.211,"pos",2020-08-26,"Hyderabad","India",1
"RT @AskAnshul: 1. Israel shares AI based technology with AIIMS to tackle Covid-19.

2. Russia seeks collaboration with India for manufactur‚Ä¶","en","New Delhi, India",0.296,0,0.845,0.155,"pos",2020-08-26,"New Delhi","India",1
"RT @Swamy39: I am reliably informed that FM N. Sitharaman told a meeting that COVID-19 is an act God!! I will post the video soon. Was the‚Ä¶","en","Nagpur, India",0.2732,0,0.84,0.16,"pos",2020-08-28,"Nagpur","India",1
"Arunachal Pradesh NSUI activists staged a protest against the decision of #AntiStudentModiGovt to hold JEE &amp; NEET e‚Ä¶ https://t.co/j7ELOQVsWf","en","Patna, India",-0.25,0.182,0.818,0,"neg",2020-08-28,"Patna","India",-1
"RT @vic2pal: Gaza is suffering from #coronavirus now.
Ministry of Health announced that there're 80 patients of #Corona discovered in the l‚Ä¶","en","Hyderabad, India",-0.5423,0.368,0.632,0,"neg",2020-08-28,"Hyderabad","India",-1
"RT @CricCrazyJohns: Some good news from IPL - Rajasthan Royals fielding coach Dishant Yagnik set to rejoin with the team in UAE after testi‚Ä¶","en","Chirala, India",0.4404,0,0.818,0.182,"pos",2020-08-29,"Chirala","India",1
"RT @Nidhi: Congress MP Who Died Of COVID-19 Had Raised It In Parliament, was interrupted and his mic cut off https://t.co/dM7aeOMScw","en","India",-0.8126,0.583,0.417,0,"neg",2020-08-29,NA,"India",-1
"RT @ipspankajnain: He just got his #COVID__19 test report negative üòÇ https://t.co/w7YQjE8f0P","en","Uttar Pradesh, India",0,0,1,0,"neu",2020-08-29,"Uttar Pradesh","India",0
"RT @TrendPSPK: Friends,

Need plasma donors who successful became negative for COVID-19 and completed 14 days of strict quarantine. 

Donor‚Ä¶","en","Bhadrachalam, India",0.7845,0,0.615,0.385,"pos",2020-08-30,"Bhadrachalam","India",1
"RT @Tripura_Police: Tripura Police appeals to public to maintain social distancing and always wear mask to break the chain of Covid-19.  Ma‚Ä¶","en","Tripura, India",0,0,1,0,"neu",2020-08-30,"Tripura","India",0
"RT @bluebake: ""Rape Cases Show No Signs Of Stopping Even As COVID-19 Cases Mount""

I write for @SheThePeople   
#COVID19India #Rape #Sunday‚Ä¶","en","India",-0.7845,0.463,0.537,0,"neg",2020-08-30,NA,"India",-1
"You are the sun that rose again in my life #JUNGKOOK üåªüåü‚òÑ @BTS_twtüíú 
HAPPY BIRTHDAY TO YOU kookie üéÇüéä  #StaySafe,‚Ä¶ https://t.co/92CUeSO5TY","en","Darjeeling, India",0,0,1,0,"neu",2020-08-31,"Darjeeling","India",0
"RT @COVIDNewsByMIB: #IndiaFightsCorona:

üìçParenting tips during #COVID19: 

‚ñ∂Ô∏èStay calm and firm
‚ñ∂Ô∏èBuild mutual respect &amp; trust
‚ñ∂Ô∏èBe there‚Ä¶","en","Meerut, India",0.8271,0,0.408,0.592,"pos",2020-08-31,"Meerut","India",1
"RT @ttindia: Twitterati has backed Hemant Soren‚Äôs stand of postponing JEE and NEET exams in the wake of the Covid-19 pandemic with nearly 1‚Ä¶","en","Bilaspur, India",0,0,1,0,"neu",2020-08-31,"Bilaspur","India",0
"RT @COVIDNewsByMIB: #IndiaFightsCorona:

#Unlock4 Guidelines (w.e.f. September 01, 2020 up to September 30, 2020)üëá

#StaySafe #IndiaWillWin‚Ä¶","en","Pondicherry, India",0,0,1,0,"neu",2020-09-01,"Pondicherry","India",0
"@Ravikum47425814 Please Don't waste your energy and time and intelligence on such illogical comparisons.
Yes there‚Ä¶ https://t.co/KnZ0OHyVpG","en","Pune, India",0,0,1,0,"neu",2020-09-01,"Pune","India",0
"RT @desh_bhkt: @HuXijin_GT You assh0les screwed the whole world by eating shit  and now shamelessly exhibiting your antipathy to the victim‚Ä¶","en","Tamil Nadu, India",-0.7269,0.504,0.496,0,"neg",2020-09-01,"Tamil Nadu","India",-1
"C.D.C. Halts Evictions, Citing Covid-19¬†Risks https://t.co/jTFGUBro5Y","en","India",-0.2732,0.344,0.656,0,"neg",2020-09-02,NA,"India",-1
"RT @news18dotcom: Some 45% candidates from Gujarat skipped the JEE, which began nationwide.

#JEE_NEET 

https://t.co/lvySvpBPfL","en","Siliguri, India",0,0,1,0,"neu",2020-09-02,"Siliguri","India",0
"RT @otvnews: Expenditure of Rs 1912 crore on #COVID19 management: Congress MLA Sura Routray alleges irregularities of crores through fake b‚Ä¶","en","Khordha, India",-0.4767,0.237,0.763,0,"neg",2020-09-02,"Khordha","India",-1
"RT @KumariRukshmani: Right lady: UK magazine¬†'Prospect' names KK Shailaja¬†as world's 'top thinker' for COVID-19 - The New Indian Express ht‚Ä¶","en","India",0.6705,0,0.667,0.333,"pos",2020-09-03,NA,"India",1
"RT @ShiprocketIndia: SHIVIR Season 1 was about ""Resetting your Business in the Times of COVID-19"" #SHIVIR2020 Season 2 is ""How to Grow your‚Ä¶","en","Surat, India",0,0,1,0,"neu",2020-09-03,"Surat","India",0
"@TheRock *Have COVID-19 BUT you Giving Advice to all  of our World mama.* *Love you ‚ù§Ô∏è...You Will Be One Of Our Cov‚Ä¶ https://t.co/l0AMXvwXpX","en","Tirupati, India",0.6369,0,0.625,0.375,"pos",2020-09-03,"Tirupati","India",1
"@maqbool140 We would like to keep you informed that we are experiencing high volume due to COVID-19 kindly expect a‚Ä¶ https://t.co/uRdGKNyLyY","en","Gurugram, India",0.3612,0,0.8,0.2,"pos",2020-09-06,"Gurugram","India",1
"RT @thekhanwasif: After #ArjunKapoor , #MalaikaArora  Also Tested Covid-19 Positive.

Arbaaz Khan Be Like : https://t.co/jcbPgpzxhi","en","Punjab, India",0.3612,0,0.706,0.294,"pos",2020-09-06,"Punjab","India",1
"@Ashvin9099 For further assistance kindly write back on the same email thread for our team to check and assist you‚Ä¶ https://t.co/0jDUmiR27e","en","Gurugram, India",0,0,1,0,"neu",2020-09-06,"Gurugram","India",0
"@zoom_us got the highest benefit of #coronavirus üòÇ https://t.co/zy0QQJe8BV","en","Mysore, India",0.4588,0,0.4,0.6,"pos",2020-09-12,"Mysore","India",1
"Kindly help a Rickshaw Driver 
Who needs a permit.. all these people r really affected due to #Lockdown 
This type‚Ä¶ https://t.co/PRfIDCM6jh","en","Mumbai, India",0.4019,0,0.787,0.213,"pos",2020-09-12,"Mumbai","India",1
"@iitdelhi @EduMinOfIndia
@DrRPNishank @PIB_Patna
@Swamy39 
Sir
It takes at least 30 days to make OBC certificate.‚Ä¶ https://t.co/l92AWkFVYH","en","Bihar, India",0,0,1,0,"neu",2020-09-12,"Bihar","India",0
"RT @KanchanGupta: Chinese virologist claims she has scientific proof that #COVID19 virus originated in a Govt-controlled laboratory in Wuha‚Ä¶","en","Chennai, India",0,0,1,0,"neu",2020-09-13,"Chennai","India",0
"RT @RanaAyyub: I have just been discharged from the hospital as I am now completely asymptomatic. Thanks to the excellent care of the docto‚Ä¶","en","India",0.8271,0,0.365,0.635,"pos",2020-09-13,NA,"India",1
"RT @airnewsalerts: 90.7 % attendance marked by candidates in today's #NEETExam in Andaman &amp; Nicobar. 765 out of 843 registered candidates a‚Ä¶","en","Allahabad, India",0,0,1,0,"neu",2020-09-13,"Allahabad","India",0
"RT @DickDarryl: Stalin to Amit Shah Save people from Covid-19 instead of saving Hindi that divides people Chennai News Times of India
 http‚Ä¶","en","India",0.7506,0,0.686,0.314,"pos",2020-09-15,NA,"India",1
"RT @AlwaysPraveen7: Naga Babu Garu Tested Positive For Covid-19. 

Get Well Soon NagaBabu Garu, Wishing for Your Speedy Recovery üôèüèª https:/‚Ä¶","en","Bengaluru South, India",0.5859,0,0.73,0.27,"pos",2020-09-15,"Bengaluru South","India",1
"RT @ashokgehlot51: Conveying my best wishes for good health &amp; speedy recovery to former Governor of Rajasthan, Sh. Kalyan Singh ji, who has‚Ä¶","en","India",0.8689,0,0.529,0.471,"pos",2020-09-15,NA,"India",1
"@RahulGandhi #COVID19 üáÆüá≥ Cases
17/09/20:

üìåTotal no of

Cases- 51,18,253
Active- 10,09,976
Recoveries-40,25,079
Dea‚Ä¶ https://t.co/baNicqnoh5","en","New Delhi, India",0,0,1,0,"neu",2020-09-17,"New Delhi","India",0
"RT @htTweets: .@realDonaldTrump said that a #Covid19 vaccine will be available as early as October and in mass distribution soon afterward.‚Ä¶","en","New Delhi, India",0,0,1,0,"neu",2020-09-17,"New Delhi","India",0
"Madhya Pradesh: Many Test Coronavirus Positive in Tana Village Through Fake Samples
https://t.co/LzeqQ75ySk‚Ä¶ https://t.co/Qh4IPrbCoc","en","Mumbai, India",-0.4767,0.256,0.744,0,"neg",2020-09-17,"Mumbai","India",-1
"RT @TheNaveena: 103 year-old resident of #Hyderabad Parchuri Ramaswamy garu, recovered from #COVID19 üëè

Dr K Narayana -President CR Foundat‚Ä¶","en","Nellore, India",0,0,1,0,"neu",2020-09-19,"Nellore","India",0
"RT @TheDivineDreams: @NawazSharifMNS Qasim said in a dream #Coronavirus was not reduced due to #PMIK smart lockdown. When Sep comes &amp; winte‚Ä¶","en","Tamil Nadu, India",0.5719,0,0.63,0.37,"pos",2020-09-19,"Tamil Nadu","India",1
"RT @Chez_Em: 85.000 signatures. Let's get 100.000 #FreeRakesh 
#KapilashZoo whose licence expired 2018 = operating ILLEGALLY captured a wil‚Ä¶","en","'Rudraksh', Dahanu, India",0,0,1,0,"neu",2020-09-19,"'Rudraksh'","India",0
"RT @rameshlaus: . @Samanthaprabhu2 must be the most productive Actress during #lockdown üëèüëè

- Started a Kids Early Learning Center

- Start‚Ä¶","en","Chennai, India",0,0,1,0,"neu",2020-09-20,"Chennai","India",0
"RT @MinisterKTR: Many thanks to Minister @Koppulaeshwar1, MLAs @GandhiArekapudi, @GBalarajuTrs, Mahesh Reddy, @AlaVenkateshwer, MLC @PRRTRS‚Ä¶","en","Warangal-Hamamkonda, India",0.3612,0,0.706,0.294,"pos",2020-09-20,"Warangal-Hamamkonda","India",1
"RT @CP_SuratCity: Stay away from fraudsters and make yourself safe from Cyber Fraud. #StaySafe #BeSafeBeSecure #BeAwareOfCyberFraud #SmartC‚Ä¶","en","Valsad, India",-0.6597,0.514,0.282,0.204,"neg",2020-09-20,"Valsad","India",-1
"RT @thekiranbedi: ""Leadership Lesson for Young People in a #COVID World"". In conversation with @PrabhuChawla &amp; @kavereeb today at 7pm on @N‚Ä¶","en","India",0,0,1,0,"neu",2020-09-22,NA,"India",0
"RT @pudiharicharan: BKC Covid Centre is leading the way in Covid-19 management with their innovative solutions. Very much appreciated. @raj‚Ä¶","en","India",0,0,1,0,"neu",2020-09-22,NA,"India",0
"RT @BloodAid: #Hyderabad Need AB+ #COVID Convalescent #PlasmaDonor @ Global Hospital, Lakdikapool. 
Call 9849371489 #BloodAid via @IAMABHIS‚Ä¶","en","India",0,0,1,0,"neu",2020-09-22,NA,"India",0
"RT @AmitShah: Attended the meeting chaired by Prime Minister Shri @narendramodi ji via video-conferencing with the Chief Ministers of Mahar‚Ä¶","en","Manpur, India",0,0,1,0,"neu",2020-09-23,"Manpur","India",0
"RT @htTweets: UK to host ‚Äòhuman challenge‚Äô trials for #Covid19 vaccines: Report

https://t.co/E3v0tP1HQD https://t.co/RYj7GNHCRT","en","Asansol, West Bengal, India",0,0,1,0,"neu",2020-09-23,"Asansol","India",0
"RT @mepratap: Today in LS spoke about the problems being faced by Coffee growers, Karnataka accounts for 70% Coffee production of India, du‚Ä¶","en","Mysore, India",-0.4019,0.197,0.803,0,"neg",2020-09-23,"Mysore","India",-1
"RT @mygovindia: During the COVID-19 pandemic, Mask and Social Distancing will help people avoid the spread of #COVID19. Let‚Äôs prioritize ‚Äòd‚Ä¶","en","New Delhi, India",0.128,0.158,0.647,0.194,"pos",2020-09-24,"New Delhi","India",1
"RT @DrKunalVikram: 76% of the consumers in India said that the economic impact of COVID-19 has made them to track their spending, with over‚Ä¶","en","Mumbai, India",0,0,1,0,"neu",2020-09-24,"Mumbai","India",0
"RT @mumbaimatterz: Crushing #Covid19
This is simply a terrible way to travel in #MumbaiLocals

View of a jam packed Ladies coach of #Essent‚Ä¶","en","Mumbai, India",-0.1531,0.151,0.849,0,"neg",2020-09-24,"Mumbai","India",-1
"RT @DhanrajNathwani: Sometimes humour is a good way of driving a message home. This funny video does exactly that. We cannot afford to take‚Ä¶","en","Amreli, India",0.7184,0,0.625,0.375,"pos",2020-09-25,"Amreli","India",1
"Teachers at @ModernSchoolLko maintains social distancing and  did assessment work.
 #socialdistancing #assessment https://t.co/jEl1n1BiYV","en","Lucknow, India",0,0,1,0,"neu",2020-09-25,"Lucknow","India",0
"New daily cases in London are below 500, but it has been added to the list of places of concern.

(reports‚Ä¶ https://t.co/9anmbHsx9q","en","India",0,0,1,0,"neu",2020-09-25,NA,"India",0
"RT @narendramodi: India will do everything possible to further global good including the battle against COVID-19 pandemic. 

At the same ti‚Ä¶","en","Patna, India",0.4404,0,0.756,0.244,"pos",2020-09-26,"Patna","India",1
"RT @khuranavivek: Shocked to know about the demise of CA. Sharad Singhal, Secretary - Indirect Tax Committee, ICAI due to COVID-19. @theica‚Ä¶","en","Gurgaon, India",-0.3818,0.178,0.822,0,"neg",2020-09-26,"Gurgaon","India",-1
"RT @ChouhanShivraj: '‡§µ‡§∏‡•Å‡§ß‡•à‡§µ ‡§ï‡•Å‡§ü‡•Å‡§Æ‡•ç‡§¨‡§ï‡§Æ'

India has handled the crucial situation of #COVID19 very well under the leadership of PM Shri @nare‚Ä¶","en","India",0.2732,0,0.769,0.231,"pos",2020-09-26,NA,"India",1
"RT @realhimanshi: I want 2 inform u all dat i hv been tested positive 4 covid-19 even after taking proper precautions .As you all know that‚Ä¶","en","Giridih, India",0.0772,0,0.894,0.106,"pos",2020-09-27,"Giridih","India",1
"RT @verge: Google Maps adds an overlay of COVID-19 case trends https://t.co/SaQlTVC6y3 https://t.co/29n3KryZuf","en","Mumbai, India",0,0,1,0,"neu",2020-09-27,"Mumbai","India",0
"RT @MailarigoudaPa2: Requesting @TheOfficialSBI to please draw your attention here This is the question of employment so please #savegujara‚Ä¶","en","Anjar, India",0,0,1,0,"neu",2020-09-27,"Anjar","India",0
"RT @jatinsapru: #URGENT Folks, somebody very critical urgently needs plasma in DELHI. If there‚Äôs anyone who‚Äôs recovered from Covid and is w‚Ä¶","en","Banka, India",-0.0772,0.176,0.672,0.151,"neg",2020-09-28,"Banka","India",-1
"RT @NewIndianXpress: Health Minister KK Shailaja said the state is witnessing a second wave of #COVID19 spread and that the state may have‚Ä¶","en","India",0.3612,0,0.815,0.185,"pos",2020-09-28,NA,"India",1
"@htTweets  This is Hight of negativity and misrepresentation . You should have written 0.0002 Billion in your pursu‚Ä¶ https://t.co/1q3TfDg2fi","en","Lucknow, India",0,0,1,0,"neu",2020-09-28,"Lucknow","India",0
"RT @VarshatileLadki: I, a final yr student of CU @uniOFcalcutta have been tested positive for Covid-19 on 22/09/20. My health is deteriorat‚Ä¶","en","Bengaluru, India",0,0,1,0,"neu",2020-09-29,"Bengaluru","India",0
"RT @drshamamohd: India's Covid-19 tally tops 6 million cases &amp; 95,567 deaths. Since August, India has seen the world's worst Covid outbreak‚Ä¶","en","New Delhi, India",-0.802,0.367,0.55,0.083,"neg",2020-09-29,"New Delhi","India",-1
"RT @niku1630: The world officially recorded 1 million deaths from Covid-19 in one of the most sobering milestones of the pandemic, but the‚Ä¶","en","India",-0.5994,0.302,0.698,0,"neg",2020-09-29,NA,"India",-1
"RT @SudhanshuBJP: Daily run rate of Covid in India/Internationally is not helping anyone, only creating fear n anxiety even to mild patient‚Ä¶","en","New Delhi, India",-0.128,0.179,0.67,0.151,"neg",2020-09-30,"New Delhi","India",-1
"RT @WHOSEARO: Read how effective governance and community-based strategies helped the eastern Indian state of Odisha üáÆüá≥ respond to #COVID19‚Ä¶","en","Bhubaneshwar, India",0.4019,0,0.803,0.197,"pos",2020-09-30,"Bhubaneshwar","India",1
"COVID-19 recovery rate in country reaches 83.33% https://t.co/glU9M5CEKs","en","Srinagar, India",0.0258,0,0.784,0.216,"pos",2020-09-30,"Srinagar","India",1
"RT @TOIAhmedabad: #Gujarat reports 1,351 new #coronavirus cases, tally rises to 1,38,745; death toll up by 10 to 3,463: Health department #‚Ä¶","en","Ahmadabad City, India",-0.5994,0.328,0.672,0,"neg",2020-10-01,"Ahmadabad City","India",-1
"RT @FlyWithIX: üîÖIndian nationals holding valid resident permits are allowed to enter Muscat without prior approval.

üîÖNon-Omani citizens tr‚Ä¶","en","Madurai South, India",0.2263,0,0.888,0.112,"pos",2020-10-01,"Madurai South","India",1
"Maldives thanks India for USD 250 million support amid COVID-19 pandemic https://t.co/qQEvNIMQ30","en","Maharashtra, India",0.6369,0,0.574,0.426,"pos",2020-10-01,"Maharashtra","India",1
"RT @news18dotcom: The Kerala government has imposed section 144 of CrPC in Thiruvananthapuram prohibiting the assembly of more than five pe‚Ä¶","en","Ballia, India",0,0,1,0,"neu",2020-10-02,"Ballia","India",0
"RT @AnilRajeUrs3: The #Karnataka government has attracted #investments worth Rs 22,110.84 crore from 147 projects in the last two months am‚Ä¶","en","Hubli, India",0.5267,0,0.577,0.423,"pos",2020-10-02,"Hubli","India",1
"IYC National Secretari  Shri @ShiviChauhan1 tested COVID 19 positive.

We pray for their complete and speedy recove‚Ä¶ https://t.co/YMEIFC0Cyz","en","Naraingarh,Haryana,India",0.3182,0,0.813,0.187,"pos",2020-10-02,"Naraingarh","India",1
"RT @GuardianUS: Donald Trump receiving Covid-19 treatment yet to be peer-reviewed https://t.co/8CY1g72eHq","en","Bengaluru, India",0,0,1,0,"neu",2020-10-03,"Bengaluru","India",0
"Hathras gang-rape: Rahul Gandhi, Priyanka Gandhi to head to Hathras again on Saturday to meet victim's family
read‚Ä¶ https://t.co/UbgUyMtbZV","en","Bengaluru South, India",-0.7783,0.362,0.638,0,"neg",2020-10-03,"Bengaluru South","India",-1
"RT @BlueLabelLabs: Mobile app development, just like everything else, is going through a transition as a result of COVID-19. Certain challe‚Ä¶","en","Rajkot, India",0.5574,0,0.685,0.315,"pos",2020-10-03,"Rajkot","India",1
"RT @ArmaanMalik22: Coming live on my YouTube channel for the very first time! #StayHome, tune in and sing #WithMe ‚ù§Ô∏è 

3rd April @ 8pm | Se‚Ä¶","en","India",0,0,1,0,"neu",2020-10-04,NA,"India",0
"RT @sukanyashantha: NIA summons tribal rights champion Soni Sori for interrogation, she says she has tested +ve for COVID-19. NIA insists &amp;‚Ä¶","en","Uttar Pradesh, India",0.5994,0,0.755,0.245,"pos",2020-10-04,"Uttar Pradesh","India",1
"RT @varungandhi80: Day 3 of my 5-day tour across 75 villages in my constituency Pilibhit. 

Speaking about the far-reaching benefits of the‚Ä¶","en","RBL ,India",0.4767,0,0.687,0.313,"pos",2020-10-04,"RBL","India",1
"RT @Maha_MEDD: A daily comprehensive report prepared by MEDD, Maharashtra showing #COVID-19 situation in the state. (5/10/2020,10:00 IST) l‚Ä¶","en","Mumbai, India",0,0,1,0,"neu",2020-10-05,"Mumbai","India",0
"#ChandigarhUpdate 

133 cases and 3 deaths reported in Chandigarh today

199 patients discharged today 

Total coun‚Ä¶ https://t.co/giGRTEmTOA","en","Chandigarh, India",-0.5994,0.302,0.698,0,"neg",2020-10-05,"Chandigarh","India",-1
"10% Of World Population May Have Been Infected With #COVID19: WHO https://t.co/5bdJhfHP8Q https://t.co/mYEEZVNONQ","en","India",0,0,1,0,"neu",2020-10-05,NA,"India",0
"RT @COVIDNewsByMIB: #IndiaFightsCorona: 

Press briefing on the actions taken, preparedness and updates on #COVID19. 

LIVE TODAY AT 05:30‚Ä¶","en","Ambikapur, India",0.2263,0,0.787,0.213,"pos",2020-10-06,"Ambikapur","India",1
"RT @RahulMukherji5: On a day his colleague threatened Rahul Gandhi, @Dchautala tests positive for corona &amp; negative for integrity &amp; empathy‚Ä¶","en","Gulbarga, India",-0.3818,0.206,0.794,0,"neg",2020-10-06,"Gulbarga","India",-1
"RT @pallavipriya_: #jobopening
#Infosys referral drive
RT &amp; spread the word.
It may help someone in need in this tough time.
#Covid_19
Inbo‚Ä¶","en","India",0.296,0.106,0.704,0.19,"pos",2020-10-06,NA,"India",1
"RT @akhilpkumar1997: I don't understand y #PrayForKerala is trending here in twitter , as an keralite we aren't passing through any kind of‚Ä¶","en","Bengaluru / Bangalore , India",0.5267,0,0.595,0.405,"pos",2020-10-07,"Bengaluru / Bangalore","India",1
"Media Briefing of CoVID-19 current statistics  (07.10.20) @CMPuducherry @MoHFW_INDIA @WHO https://t.co/drSVRgAgad","en","U.T. Of Puducherry, India",0,0,1,0,"neu",2020-10-07,"U.T. Of Puducherry","India",0
"RT @MumbaiPolice: Them: Now that the lockdown is getting eased, shall we take it easy on the COVID-19 precautions?

Us: https://t.co/uGA9NB‚Ä¶","en","Gujarat, India",0,0,1,0,"neu",2020-10-07,"Gujarat","India",0
"RT @narendramodi: Let us #Unite2FightCorona! 

Let us always remember:

Wear a mask. 

Wash hands.

Follow social distancing.

Practice ‚ÄòDo‚Ä¶","en","Maharashtra State, India",0.4939,0,0.775,0.225,"pos",2020-10-08,"Maharashtra State","India",1
"RT @narendramodi: India‚Äôs COVID-19 fight is people driven and gets great strength from our COVID warriors. Our collective efforts have help‚Ä¶","en","Bhubaneshwar, India",0.8126,0.12,0.417,0.463,"pos",2020-10-08,"Bhubaneshwar","India",1
"RT @myogiadityanath: On this day of Hon. PM Shri @narendramodi Ji's call for Jan Andolan for Covid-19, I am happy to inaugurate a 150 TPD c‚Ä¶","en","Kolkata, India",0,0,1,0,"neu",2020-10-08,"Kolkata","India",0
"RT @thewire_in: The Indian Medical Association questioned the scientific basis of the government‚Äôs recently released protocol based on Ayur‚Ä¶","en","Pune, India",0,0,1,0,"neu",2020-10-09,"Pune","India",0
"Join our #IMFmeetings seminar: Post #COVID19 Recovery and Resilience

WHEN: 
Oct 13, 1 PM (EDT)

WHO: 
@KGeorgieva‚Ä¶ https://t.co/PyxSackJQH","en","Mumbai, India",0.296,0,0.761,0.239,"pos",2020-10-09,"Mumbai","India",1
"RT @mygovindia: PM SVANidhi Scheme is helping small businesses to grow and sustain during the testing times of COVID-19. Here are some bene‚Ä¶","en","Ambikapur, India",0.4019,0,0.803,0.197,"pos",2020-10-09,"Ambikapur","India",1
"RT @SanjaySDutt: Am happy to share dat I hve recovered from #Covid.

I salute Drs/nurses, my fmly &amp; each 1 of u for ur prayers &amp; get-well w‚Ä¶","en","India",0.5106,0,0.719,0.281,"pos",2020-10-10,NA,"India",1
"RT @ShrirangaPV: RSS volunteer Vaibhav Bagul participated in research by taking the first dose of injection for Covid-19 vaccine. 

Hats of‚Ä¶","en","Thane, India",0,0,1,0,"neu",2020-10-10,"Thane","India",0
"RT @MOFA_Taiwan: .@iingwen delivered a powerful #ProudOfTaiwan National Day address. She touched on key #Taiwanüáπüáº issues like combating #Co‚Ä¶","en","Limbdi, India",0.0258,0.186,0.62,0.194,"pos",2020-10-10,"Limbdi","India",1
"RT @jopping2fast: From joining an online benefit concert for covid-19 relief support to taking part in a global advocacy event on mental he‚Ä¶","en","India",0.875,0,0.45,0.55,"pos",2020-10-11,NA,"India",1
"RT @sayumore: @FinMinIndia @nsitharamanoffc @mygovindia The best example of #Covid appropriate behavior on your part would be timely extens‚Ä¶","en","India",0.6369,0,0.625,0.375,"pos",2020-10-11,NA,"India",1
"RT @sonu_monika: Health: Doctors in Germany allowed to prescribe digital apps for first time https://t.co/GJIZgJpwhv via @TheLocalGermany‚Ä¶","en","Bengaluru, India",0.2263,0,0.826,0.174,"pos",2020-10-11,"Bengaluru","India",1
"RT @ishavidhya: Every rupee you donate will help us in getting a matching grant from GiveIndia that will benefit more students.

GiveIndia‚Ä¶","en","Bengaluru South, India",0.802,0,0.494,0.506,"pos",2020-10-12,"Bengaluru South","India",1
"#India's #COVID19 recoveries have surged to over 61 lakh, while active cases of coronavirus infection remained belo‚Ä¶ https://t.co/ZzFFu9klyL","en","Mumbai, India",0,0,1,0,"neu",2020-10-12,"Mumbai","India",0
"RT @amitanatverlal: You glowed differently when you were not Covid-19 stressed.","en","Lucknow, India",-0.4215,0.483,0.517,0,"neg",2020-10-12,"Lucknow","India",-1
"RT @Nawaz0008: Cristiano Ronaldo is asymptomatic and in isolation after testing positive for COVID-19.

Juventus begin their UCL campaign o‚Ä¶","en","India",0,0,1,0,"neu",2020-10-13,NA,"India",0
"RT @CNNIndonesia: Cristiano Ronaldo Positif Covid-19 https://t.co/nfasj74j7V","en","Tamil Nadu, India",0,0,1,0,"neu",2020-10-13,"Tamil Nadu","India",0
"RT @COVIDNewsByMIB: #IndiaFightsCorona: 

We shifted the communication strategy from #StayHome to 'Opening with Precautions'. We all have t‚Ä¶","en","Kolkata, India",0,0,1,0,"neu",2020-10-13,"Kolkata","India",0
"What are the Differences between Regular Cleaning and Deep Cleaning?
Read more here: https://t.co/Wz2JCZCqqa‚Ä¶ https://t.co/xmt9M3EKHk","en","Bengaluru, India",0.6597,0,0.426,0.574,"pos",2020-10-14,"Bengaluru","India",1
"@ayush_singh98 About COVID-19, nobody has definitive evidence to corroborate or dismiss anything that could or coul‚Ä¶ https://t.co/MpdNZ3lWuZ","en","Gurgaon, India",0,0,1,0,"neu",2020-10-14,"Gurgaon","India",0
"This is not a one-off story and talks about the resilience women have often shown in a crisis scenario. Indeed a st‚Ä¶ https://t.co/zZuoKEJHbk","en","Gurgaon, India",0,0,1,0,"neu",2020-10-14,"Gurgaon","India",0
"Covid-19: Gujarat's death toll rises to 3,600 https://t.co/6SweNqazGQ","en","Ahmadabad City, India",-0.5994,0.494,0.506,0,"neg",2020-10-15,"Ahmadabad City","India",-1
"RT @anandayubhu: The demand of  DATE --Ayurveda for Covid-19' to be the main theme of 5th Ayurveda Day  https://t.co/py7VVfEv3L Different S‚Ä¶","en","New Delhi, India",-0.128,0.143,0.857,0,"neg",2020-10-15,"New Delhi","India",-1
"@EndGameWW3 Politicians no different world over, they thrive on the miseries of poor.
For many such politicians,‚Ä¶ https://t.co/MtxBEs5EV0","en","Surat/Pipavav/Bihar, India",-0.4767,0.307,0.693,0,"neg",2020-10-15,"Surat/Pipavav/Bihar","India",-1
"RT @airnewsalerts: #Karnataka: Awareness campaign for #COVID19 ‚ÄòMy Family, My Responsibility‚Äô launched in Udupi district. 
https://t.co/otu‚Ä¶","en","Imphal, India",0,0,1,0,"neu",2020-10-16,"Imphal","India",0
"RT @COVIDNewsByMIB: üì¢#CoronaVirusUpdates:

üìç#COVID19 India Tracker
(As on 16 October, 2020, 08:00 AM)

‚û°Ô∏èConfirmed cases: 73,70,468
‚û°Ô∏èRecov‚Ä¶","en","Mumbai, India",0,0,1,0,"neu",2020-10-16,"Mumbai","India",0
"RT @COVIDNewsByMIB: #IndiaFightsCorona:

üìçThree rules for safetyüëá

‚úÖAlways wear face cover/mask üò∑
‚úÖ Maintain distance from others
‚úÖWash han‚Ä¶","en","Mumbai, India",0,0,1,0,"neu",2020-10-16,"Mumbai","India",0
"RT @MoRD_GOI: #IndiaFightsCorona

Follow distancing norms to protect yourself and others. 

Help break the chain of COVID-19 transmission.‚Ä¶","en","New Delhi, India",0.6486,0,0.602,0.398,"pos",2020-10-17,"New Delhi","India",1
"RT @FcSonuSood: Humanitarian Sonu Sood Sir bags #Healthgiri Award 2020 for celebrity who did exemplary work during Covid-19.‚ù§Ô∏èüôèüáÆüá≥ Congratul‚Ä¶","en","Etawah, India",0.5423,0,0.741,0.259,"pos",2020-10-17,"Etawah","India",1
"RT @Uppolice: ADG @wpl1090 Mrs Neera Rawat gifting ‚ÄòMissionShakti‚Äô face masks to Hon‚Äôble Governor UP Smt. @anandibenpatel at the launch of‚Ä¶","en","India",0.4404,0,0.805,0.195,"pos",2020-10-17,NA,"India",1
"RT @ROBJammuKashmir: #Unite2FightCorona: @RJjuhie , Morning Show Host 92.7 Big FM #Jammu appeals the citizens to follow appropriate behavio‚Ä¶","en","Chandigarh, India",0,0,1,0,"neu",2020-10-18,"Chandigarh","India",0
"More than one coronavirus vaccine will be available in the first quarter of 2021, a government scientific adviser h‚Ä¶ https://t.co/fKfJ1WhVJ8","en","India",0,0,1,0,"neu",2020-10-18,NA,"India",0
"RT @drharshvardhan: #WatchNow
#SundaySamvaad

Has #coronavirus mutated?
How Kerala‚Äôs performance against #COVID19 worsen?
Is there an intra‚Ä¶","en","New Delhi, India",-0.5106,0.452,0.548,0,"neg",2020-10-18,"New Delhi","India",-1
"Under fire from the principal opposition parties for failing to contain the spike in the number of #COVID19 cases i‚Ä¶ https://t.co/z3NcICyfaf","en","Maharashtra, India",-0.6808,0.447,0.455,0.098,"neg",2020-10-19,"Maharashtra","India",-1
"RT @SobhaLtd: Indian real estate industry adopted various measures to fight the pandemic and bring stability in business.
Read on @housing.‚Ä¶","en","Bengaluru, India",-0.2263,0.17,0.719,0.111,"neg",2020-10-19,"Bengaluru","India",-1
"RT @246_bn: Pledge taken by 246 bn crpf nayla jaipur to fight against covid- 19 https://t.co/GJT49fc2sb","en","Bengaluru, India",-0.3818,0.271,0.729,0,"neg",2020-10-19,"Bengaluru","India",-1
"@narendramodi Covid 19 can be completely cured by correct dose &amp; method of treating with Methylene Blue. Plz form a‚Ä¶ https://t.co/xn370XGMel","en","Mumbai, India",0.4588,0,0.692,0.308,"pos",2020-10-20,"Mumbai","India",1
"@_apoorvasri The beauty of Fall in Toronto, Canada...could not visit due to COVID-19. Thank you for the share.üëèüëèüëè","en","India",0.5719,0,0.63,0.37,"pos",2020-10-20,NA,"India",1
"RT @narendramodi: India‚Äôs fight against COVID-19 has been a spirited one.

Our country has kept the mortality rates low.

Medical infrastru‚Ä¶","en","Bhopal, India",-0.4588,0.305,0.584,0.11,"neg",2020-10-20,"Bhopal","India",-1
"RT @GopiKishorRaja2: #Vizag ‡∞™‡±ç‡∞∞‡∞ú‡∞≤‡∞ï‡±Å ‡∞Æ‡±Å‡∞ñ‡±ç‡∞Ø ‡∞ó‡∞Æ‡∞®‡∞ø‡∞ï..
#1300 ‡∞¨‡±Ü‡∞°‡±ç‡∞∏‡±ç ‡∞Ö‡∞Ç‡∞¶‡±Å‡∞¨‡∞æ‡∞ü‡±Å‡∞≤‡±ã‡∞ï‡∞ø..
#GITAM &amp; #GAYTRI ‡∞π‡∞æ‡∞∏‡±ç‡∞™‡∞ø‡∞ü‡∞≤‡±ç‡∞∏‡±ç.
Today #GITAM &amp; #Gayatri in Viza‚Ä¶","en","Hyderabad, India",0,0,1,0,"neu",2021-04-26,"Hyderabad","India",0
"RT @urstrulyMahesh: Done with my vaccination! Please get yours!! The COVID-19 second wave has hit everyone hard and getting vaccinated is t‚Ä¶","en","Vijayawada, India",-0.1027,0.113,0.887,0,"neg",2021-04-26,"Vijayawada","India",-1
"RT @timesofindia: Can women take the COVID-19 vaccine during their periods? https://t.co/cvSTP48DgQ","en","West Bengal, India",0,0,1,0,"neu",2021-04-26,"West Bengal","India",0
"RT @PandaJay: Ad Aadmi Party

-No new hospital in 5 yrs
-No new bed, ICU, ventilator in 6 months
-Photo Op at new facility by centre
-5* #C‚Ä¶","en","India",0,0,1,0,"neu",2021-04-27,NA,"India",0
"RT @sridhar1085: If you are facing any COVID-19 related emergency, please call Telangana Congress Covid-19 Control Room on 040 - 24601254.‚Ä¶","en","Hyderabad, India",0,0,1,0,"neu",2021-04-27,"Hyderabad","India",0
"RT @haryannvi: Just a reminder to woke crowd that your favourite Maharashtra and Delhi govts built neither statues nor temples. And are the‚Ä¶","en","India",0,0,1,0,"neu",2021-04-27,NA,"India",0
"@hunter_mufc I may be nobody but we are seeing every other day on
This crisis and we [India] are hit badly and the‚Ä¶ https://t.co/v2woOXM9QH","en","Bangalore,India",0,0,1,0,"neu",2021-04-28,"Bangalore","India",0
"RT @aalokelab: Let us admit it - this is in the news because Fauci has said so. 

Bidesh mein naam ho gaya to ab serfs will also admit.

ht‚Ä¶","en","India",0.3818,0,0.783,0.217,"pos",2021-04-28,NA,"India",1
"RT @VivianBala: Two @TheRSAF planes carried 256 oxygen cylinders from Singapore to India this morning to support our Indian friends against‚Ä¶","en","Bilaspur, India",0.7096,0,0.604,0.396,"pos",2021-04-28,"Bilaspur","India",1
"RT @rajasthanroyals: Rajasthan Royals announce a contribution of over $1 milion from their owners, players and management to help with imme‚Ä¶","en","Gajsinghpur, India",0.4019,0,0.769,0.231,"pos",2021-04-29,"Gajsinghpur","India",1
"RT @COVIDNewsByMIB: #IndiaFightsCorona:

üìç Increasing gap between #COVID19 Recovered &amp; Active cases of India (June 01, 2020 to April 29, 20‚Ä¶","en","Tezpur, Assam, India",0,0,1,0,"neu",2021-04-29,"Tezpur","India",0
"RT @TOIDelhi: Covid-19: Two held for selling fire extinguisher instead of oxygen cylinder to Delhi woman https://t.co/3jfsmYzC46","en","Mumbai, India",-0.34,0.194,0.806,0,"neg",2021-04-29,"Mumbai","India",-1
"RT @praveendel: Delhi Trade Associations to observe voluntary self #lockdown of markets -declared @CAITIndia Secretary General Praveen Khan‚Ä¶","en","Nagaland, India",0,0,1,0,"neu",2021-04-30,"Nagaland","India",0
"RT @TarekFatah: My friend, Indian TV journalist #RohitSardana dies of heart attack after being diagnosed with #COVID19. He was also the pro‚Ä¶","en","Solapur, India",0.0258,0.217,0.559,0.224,"pos",2021-04-30,"Solapur","India",1
"RT @NTRFans_EG: Here Is The Design Welcoming Mass Month.. üí•#NTR üî•

Adavance Happy Birthday to the Man Of Masses @tarak9999 Annaa‚ù§Ô∏è

MASS MO‚Ä¶","en","Khammam, India",0,0,1,0,"neu",2021-04-30,"Khammam","India",0
"RT @IncomeTaxIndia: Govt extends timelines of certain compliances, to mitigate the difficulties faced by taxpayers due to the ongoing COVID‚Ä¶","en","India",0.4215,0,0.725,0.275,"pos",2021-05-01,NA,"India",1
"RT @ericnamofficial: thinking of and praying for our brothers and sisters in India ‚ù§Ô∏è here‚Äôs a link to organizations you can donate to if y‚Ä¶","en","India",0.3182,0,0.753,0.247,"pos",2021-05-01,NA,"India",1
"RT @CeoNoida: To break the chain of Covid-19, @noida_authority started sanitization work in Noida as per the given schedule. 
The sanitizat‚Ä¶","en","Noida, India",0,0,1,0,"neu",2021-05-01,"Noida","India",0
"RT @ESPNcricinfo: It is understood that two players of the #KKR contingent, Varun Chakravarthy and Sandeep Warrier, have tested positive fo‚Ä¶","en","Pune, India",0,0,1,0,"neu",2021-05-03,"Pune","India",0
"RT @greatandhranews: #AlluArjun Recovering from #COVID19 https://t.co/RBs2JzFlTV","en","Hyderabad, India",0,0,1,0,"neu",2021-05-03,"Hyderabad","India",0
"Earlier on 30 April, the Delhi University Teachers' Association had written a letter to the acting vice-chancellor‚Ä¶ https://t.co/knJe7GdMcw","en","Mumbai, India",0,0,1,0,"neu",2021-05-03,"Mumbai","India",0
"RT @CricketNDTV: Update: #IPL2021 postponed after several players test positive for COVID-19 https://t.co/y7DYPuoQD0","en","India",0,0,1,0,"neu",2021-05-04,NA,"India",0
"RT @PTI_News: Indian Premier League suspended indefinitely after multiple COVID-19 cases in its bio-bubble: league chairman Brijesh Patel t‚Ä¶","en","Varanasi, India",-0.3182,0.15,0.85,0,"neg",2021-05-04,"Varanasi","India",-1
"BFI Executive Director RK Sacheti dies after battling COVID-19

https://t.co/65Ldgm3eCn","en","Noida, India",0,0,1,0,"neu",2021-05-04,"Noida","India",0
"All members of Indian G7 delegation currently in isolation, vaccinated: Sources

Read @ANI Story |‚Ä¶ https://t.co/Gesr0qt93l","en","India",0,0,1,0,"neu",2021-05-05,NA,"India",0
"RT @sri50: A new high #Coronavirus in #Karnataka as it crosses 50,000 cases with #Bengaluru alone reporting more than 23,000 cases!
#Second‚Ä¶","en","Andhra Pradesh, India",0,0,1,0,"neu",2021-05-05,"Andhra Pradesh","India",0
"RT @E24bollynews: Himanshi Khurana takes the first dose of covid 19 vaccination, shares the news on her social media

#Himanshians @realhim‚Ä¶","en","New Delhi, India",0.296,0,0.82,0.18,"pos",2021-05-05,"New Delhi","India",1
"Did you know? 
You can #track your #schol #vehicles, without any #hardware #installation. Isn't it #excited? Use‚Ä¶ https://t.co/dTqbP8q7JX","en","India",0,0,1,0,"neu",2021-05-07,NA,"India",0
"RT @SaurabhTaparia4: Pls help in admission of my uncle naryan soni #covid+ need ventilator at Delhi. position is serious 
#Oxygen level is‚Ä¶","en","New Delhi, India",0.4019,0,0.803,0.197,"pos",2021-05-07,"New Delhi","India",1
"RT @CricCrazyJohns: Virat Kohli and Anushka Sharma donated 2 crore for the COVID-19 crisis in India through Ketto. Well done, Kohli and Anu‚Ä¶","en","Pollachi, India",0.2732,0,0.861,0.139,"pos",2021-05-07,"Pollachi","India",1
"RT @sanket: ""I think it is a welcome move to make vaccines more accessible across the world"": Dr Sharvil Patel, MD, Zydus Group, on the US‚Ä¶","en","India",0,0,1,0,"neu",2021-05-08,NA,"India",0
"RT @CcrKaphle: Salman Khan has been providing food, medical equipment and oxygen cylinders to frontline workers including BMC, doctors &amp; po‚Ä¶","en","Chhattisgarh, India",-0.5574,0.217,0.783,0,"neg",2021-05-08,"Chhattisgarh","India",-1
"RT @Psmithran: #Invincible on @PrimeVideoIN is a fantastic watch! Was like a crossover between #JusticeLeague, #KickAss &amp; #GameOfThrones!‚Ä¶","en","Fort Tondiarpet, India",0.3612,0,0.545,0.455,"pos",2021-05-08,"Fort Tondiarpet","India",1
"RT @ReallySwara: ‚ÄúThe Institute for Health Metrics &amp; Evaluation estimates that India will see a staggering 1 million deaths from COVID-19 b‚Ä¶","en","India",-0.5994,0.281,0.719,0,"neg",2021-05-09,NA,"India",-1
"RT @ZeeNewsEnglish: ICMR issues advisory on 'black fungus' among COVID-19 patients, lists do's and don'ts

#COVID19 #coronavirus 

https://‚Ä¶","en","Mumbai, India",0,0,1,0,"neu",2021-05-09,"Mumbai","India",0
"RT @rameshlaus: #Instagram deletes #KanganaRanaut 's #Covid positive announcement post in which she said COVID-19 ""a small flu which got to‚Ä¶","en","Coimbatore, India",-0.3818,0.245,0.755,0,"neg",2021-05-09,"Coimbatore","India",-1
"RT @NonsensicalNemo: We are still paying for the sins of India Against Corruption. 

https://t.co/JaXNYEEXdb","en","Indore, India",-0.6124,0.625,0.375,0,"neg",2021-05-10,"Indore","India",-1
"RT @Nidhi: Covid 19: This Muslim Woman Arranges Cremations For Those Who Have No One To Do It - by ‚Å¶@betwasharma‚Å©  https://t.co/CPvDp2CG8g","en","Bengaluru South, India",0,0,1,0,"neu",2021-05-10,"Bengaluru South","India",0
"RT @ndtvfeed: Mumbai's Dharavi Reports Single-Digit Covid Cases After 2 Months https://t.co/2nTkAD4DTU https://t.co/0fpL8Ynvys","en","India",0,0,1,0,"neu",2021-05-10,NA,"India",0
"@PrajvalShastri Because of Covid-19? üòî","en","Mysore, India",0,0,1,0,"neu",2021-05-11,"Mysore","India",0
"The enigma that is COVID-19 : https://t.co/HtEiJ91oit","en","Bengaluru, India",0,0,1,0,"neu",2021-05-11,"Bengaluru","India",0
"Are you experiencing stress and anxiety during the lockdowns? This self-care checklist offers tips to help you cope‚Ä¶ https://t.co/8uWjyP3Oaq","en","India",0.4767,0.168,0.479,0.353,"pos",2021-05-11,NA,"India",1
"RT @ImRaina: Sending my warm wishes to you all on this Eid. May this day brings you joy &amp; God shower you &amp; your loved ones with his blessin‚Ä¶","en","Hyderabad, India",0.9287,0,0.352,0.648,"pos",2021-05-13,"Hyderabad","India",1
"RT @ZoomTV: #Rajinikanth got his second dose of COVID-19 vaccine today 

 https://t.co/grGieIvxQw","en","Tiruchengode, India",0,0,1,0,"neu",2021-05-13,"Tiruchengode","India",0
"DM Vijyendra Pandiyan ordered sealing of Badrika Hospital &amp; Research Center at Gorakhpur Medical College road after‚Ä¶ https://t.co/jeRy1U8dH6","en","Tinsukia, India",0,0,1,0,"neu",2021-05-13,"Tinsukia","India",0
"RT @DTDCIndia: Eid Mubarak to you! Wishing everyone that may this day be an exceptional one, even during these tough times.
May this Eid br‚Ä¶","en","New Delhi, India",0.296,0.093,0.741,0.167,"pos",2021-05-14,"New Delhi","India",1
"@sdmbam @Ganjam_Admin  covid-19 update detailed post of block wise.","en","Bhubaneshwar, India",0.0516,0.29,0.4,0.31,"pos",2021-05-14,"Bhubaneshwar","India",1
"RT @MenonBioPhysics: In the India Forum today:
""That India isn‚Äôt special is a good lesson to keep in mind for the future.""
https://t.co/W38‚Ä¶","en","Bengaluru, India",0.6808,0,0.588,0.412,"pos",2021-05-14,"Bengaluru","India",1
"RT @NSivsagar: Door to door awareness activities on CoViD -19 
@DiproSivasagar @nhm_assam https://t.co/K9CbZMa2Ly","en","Sibsagar, India",0,0,1,0,"neu",2021-05-15,"Sibsagar","India",0
"Taiwan raises alert level after sudden surge in Covid-19 cases https://t.co/Kns5Sk9nMq","en","New Delhi, India",0.296,0,0.761,0.239,"pos",2021-05-15,"New Delhi","India",1
"RT @asadowaisi: Kashmiris are being jailed, sometimes in faraway states. Covid thrives in overcrowded jails. Even SC has ordered uncrowding‚Ä¶","en","Azamgarh Uttar Pradesh, India",0,0,1,0,"neu",2021-05-15,"Azamgarh Uttar Pradesh","India",0
"RT @CHNvolunteer: Part1 of 2: #verified &amp; #updated list of transfer vehicles to help #covid patients commute. ¬†#covidindia #CovidHelp #Covi‚Ä¶","en","Coimbatore, India",0.4019,0,0.69,0.31,"pos",2021-05-16,"Coimbatore","India",1
"RT @rameshlaus: Since relatives of the patients are queuing up for #Remdisivir in Nehru Stadium, some are saying a few of them could themse‚Ä¶","en","Guntur, India",0,0,1,0,"neu",2021-05-16,"Guntur","India",0
"RT @ndtv: Second Batch Of Russian #COVID19 Vaccine Sputnik V Reaches Hyderabad
https://t.co/ZpBjjv6T21 https://t.co/pCsQIThA8i","en","Kolkata, India",0.0258,0,0.845,0.155,"pos",2021-05-16,"Kolkata","India",1
"RT @JPNadda: Dividing society and spewing venom against others‚Ä¶.Congress is a master at this. India is seeing Congress‚Äô antics, while the n‚Ä¶","en","Gujarat, India",0,0,1,0,"neu",2021-05-18,"Gujarat","India",0
"RT @ajitdatta: Four key takeaways from the #CongressToolKit:
- It seeks to divide India on communal and regional faultlines.
- It seeks to‚Ä¶","en","India",0,0,1,0,"neu",2021-05-18,NA,"India",0
"RT @narendramodi: Interacting with District Officials on the COVID-19 situation. https://t.co/Yy4w15sZYB","en","Jaipur, India",0,0,1,0,"neu",2021-05-18,"Jaipur","India",0
"RT @PrinceArihan: Thrilled to inform that @AmitBagaria12 and I will be co-authoring a book on the COVID-19 crisis in India. This will be ou‚Ä¶","en","India",0.3612,0,0.762,0.238,"pos",2021-05-19,NA,"India",1
"RT @ShahnawazBJP: An Institute under the Ministry of Science &amp; Technology, GoI has developed a Test Kit that can detect #COVID19 across var‚Ä¶","en","Khagaria, India",0,0,1,0,"neu",2021-05-19,"Khagaria","India",0
"RT @sivaetb: #TamilNadu Chief Minister &amp; #DMK President #MKStalin asks party men not to meet him during his visit to Salem, Coimbatore, Mad‚Ä¶","en","Coimbatore, India",-0.4939,0.242,0.758,0,"neg",2021-05-19,"Coimbatore","India",-1
"RT @himantabiswa: 2/3 Directed FAAMCH authorities to bring 50 oxygen concentrators by Friday &amp; to make a 15 bedded ICU ward operational wit‚Ä¶","en","Dimapur, India",0,0,1,0,"neu",2021-05-20,"Dimapur","India",0
"Glocal University is preparing paramedical staff to deal with the challenges of covid 19
the Glocal Hospital is ful‚Ä¶ https://t.co/oDRIrlJItF","en","Uttar Pradesh, India",0,0,1,0,"neu",2021-05-20,"Uttar Pradesh","India",0
"RT @SWAYAMMHRD: Put a stop to the COVID-19 infection chain by prioritizing #SwayamKiSuraksha. We‚Äôre all in this together. Let‚Äôs do our bit‚Ä¶","en","karnal, India",-0.296,0.216,0.784,0,"neg",2021-05-20,"karnal","India",-1
"RT @ippatel: Gujarati Company Zydus Cadila has started clinical trial of Vaccine on children aged 12-18 years in 43 trial sites.

Zydus Cad‚Ä¶","en","Noida, India",0,0,1,0,"neu",2021-05-21,"Noida","India",0
"RT @ndtv: High Courts Must Avoid Passing Impossible #Covid Orders: Supreme Court https://t.co/VOF2AM6EkC https://t.co/vMgGFqLG8m","en","Hyderabad, India",-0.296,0.216,0.784,0,"neg",2021-05-21,"Hyderabad","India",-1
"RT @DrSandeepJSP: JanaSena Party 2019 Election Manifesto by @PawanKalyan garu
‚Ä¢Mobile Diagnostics/Pharmacy Unit at Village level
‚Ä¢2 ambulan‚Ä¶","en","Bhongir, India",0,0,1,0,"neu",2021-05-21,"Bhongir","India",0
"RT @joyb37: #Song #musically #voice for maintain #SocialDistancing wear #MaskUpIndia properly #Unite2FightCorona #indiafightscoronavirus #C‚Ä¶","en","Kolkata, India",0,0,1,0,"neu",2021-05-23,"Kolkata","India",0
"RT @thenewsminute: Huge crowds at markets and bus stands in Tamil Nadu ahead of lockdown extension #COVID19 #TamilNadu #Lockdown #Crowd htt‚Ä¶","en","Hubli, India",0.3182,0,0.813,0.187,"pos",2021-05-23,"Hubli","India",1
"RT @nandaji1958: Don't believe DMK govt care all people in Tamil nadu. 8 months pregnant Dr Karthika at Chennai, 8 months pregnant Dr Shanm‚Ä¶","en","Vododara, India",0.4939,0,0.824,0.176,"pos",2021-05-23,"Vododara","India",1
"RT @ttindia: The World Health Organisation (WHO) has said more information is required from Bharat Biotech, which is seeking emergency use‚Ä¶","en","India",0,0,1,0,"neu",2021-05-25,NA,"India",0
"RT @siima: Actor @tarak9999 tested negative for Covid-19 ü§óü§ó
.
.
.
.
#siima #JrNtr #Tested #Covid_19 #Negative #Corona #Tarak #CoronaUpdate‚Ä¶","en","Vijayawada, India",0,0,1,0,"neu",2021-05-25,"Vijayawada","India",0
"‚úÖ| OFFICIAL: Francisco Trinc√£o has been in contact with someone who tested positive for COVID-19 and won't be avail‚Ä¶ https://t.co/AomLIHc2dh","en","Kolkata, India",0,0,1,0,"neu",2021-05-25,"Kolkata","India",0
"RT @yashberiwal0: @nsitharaman 

Give option to Taxpayers to file ITR'S of last two Assessment Year's in the new e-filing Portal of @Income‚Ä¶","en","Mumbai, India",0,0,1,0,"neu",2021-05-26,"Mumbai","India",0
"Mostly likely, 16,00,000 (16 lakh) people died of #Covid_19  in India. But that number could well be 42 lakh -- 13.‚Ä¶ https://t.co/GHeRXnJIeU","en","Delhi, India",0,0.247,0.38,0.373,"neu",2021-05-26,"Delhi","India",0
"RT @rama_bhaktha: Mobile testing units deployed to flatten spike in rural Karnataka. Since May 17, these mobile units have travelled 938 vi‚Ä¶","en","India",0,0,1,0,"neu",2021-05-26,NA,"India",0
"RT @NasscomR: Managing Remote #workforce - #HR best practices

Full Report 
üëâhttps://t.co/f1y4LbqM7u

@Aon_India @ved_hrm @ravikikan @anish‚Ä¶","en","India",0.6369,0,0.543,0.457,"pos",2021-05-27,NA,"India",1
"RT @BloodDonorsIn: #Chennai
Need #Blood Type :  O-positive
At : Rela 
Blood Component : Need Blood O+ve from Covid 19 recovered patient
Num‚Ä¶","en","Pune, India",0,0,1,0,"neu",2021-05-27,"Pune","India",0
"RT @PTI_News: More than 1.84 crore COVID-19 vaccine doses are still available with states and UTs, and they will receive over 11 lakh doses‚Ä¶","en","Ayodhya, India",0,0,1,0,"neu",2021-05-27,"Ayodhya","India",0
"RT @lostrider03: Heyy Guys,
My Friend‚Äôs Dad Got admitted in SLG Hospital For COVID-19 and The Situation of her father is very Critical They‚Ä¶","en","Mumbai, India",0.4404,0.13,0.559,0.311,"pos",2021-05-28,"Mumbai","India",1
"RT @virsanghvi: India Didn't Buy Enough Vaccines. Now the World Is Paying | Time https://t.co/nyN1TTiiAg","en","Mumbai, India",-0.1027,0.189,0.811,0,"neg",2021-05-28,"Mumbai","India",-1
"RT @DarshanNPopat: GOOD NEWS üåª 
Super Nani fought &amp; defeated #Covid &amp; back to home today after 19 days! What a spirit üåü Such a fighter she‚Ä¶","en","India",0.5859,0.248,0.28,0.472,"pos",2021-05-28,NA,"India",1
"RT @nagarkoti: #Chandigarh 

163 #COVID cases, 450 recoveries and 5 deaths reported in #Chandigarh today @timesofindia https://t.co/j9fBN88‚Ä¶","en","Chandigarh, India",-0.5994,0.494,0.506,0,"neg",2021-05-29,"Chandigarh","India",-1
"RT @DSSNewsUpdates: BIRTHDAY CELEBRATION WITH WELFARE: FOOD DISTRIBUTION AND TREE PLANTATION | DERA SACHA SAUDA VOLUNTEER- SHAH SATNAM JI N‚Ä¶","en","Chandigarh, India",0,0,1,0,"neu",2021-05-29,"Chandigarh","India",0
"RT @EnthuPattanee: India Didn't Buy Enough Vaccines. Now the World Is Paying | Time ‡Æü‡Øà‡ÆÆ‡Øç ‡Æ∏‡Øç‡Æ™‡ØÜ‡Æö‡Æ≤‡Øç ‡Æê‡Æü‡Øç‡Æü‡ÆÆ‡Øç ‡Æí‡Æ£‡Øç‡Æ£‡ØÅ ‡Æé‡Æ±‡Æø‡Æû‡Øç‡Æö‡Æ∞‡ØÅ‡Æï‡Øç‡Æï‡Ææ‡Æ©‡Øç. This guy has‚Ä¶","en","Sattur, India",-0.1027,0.167,0.833,0,"neg",2021-05-29,"Sattur","India",-1
"RT @narendramodi: Dinesh Upadhyay Ji belongs to Jaunpur, UP. He has been driving a truck for years but in the time of COVID-19 he has been‚Ä¶","en","Kolkata, India",0,0,1,0,"neu",2021-05-30,"Kolkata","India",0
"RT @AskAnshul: UP's Aligarh: ANM Niha Khan inserted injection's needle in recipients' arm but didn't inject Covid-19 vaccine, and vaccines‚Ä¶","en","India",0,0,1,0,"neu",2021-05-30,NA,"India",0
"RT @nistula: Odisha has extended lockdown period by 16 days keeping the COVID-19 pandemic in mind. The second lockdown was coming to end on‚Ä¶","en","New Delhi, India",0.1779,0,0.876,0.124,"pos",2021-05-30,"New Delhi","India",1
"RT @oyevivekk: A doctor attached to a #COVID-19 care centre was beaten up by a peaceful mob in #Assam's Hojai.  

Just another day in secul‚Ä¶","en","New Delhi, India",0.1027,0.187,0.6,0.213,"pos",2021-06-01,"New Delhi","India",1
"Ministry of Health and Family Welfare | COVID-19 Vaccination Update- Day 137 - https://t.co/Z4gD0HRMPS https://t.co/BgoZnGq9wC","en","Gurgaon, India",0,0,1,0,"neu",2021-06-01,"Gurgaon","India",0
"Assam doctor assaulted after Covid-19 patient dies; CM calls it barbaric attack | Latest News¬†India https://t.co/Hlc2JqNXmk","en","India",-0.7845,0.385,0.615,0,"neg",2021-06-01,NA,"India",-1
"RT @LiveLawIndia: Constitution Doesn't Envisage Courts To Be Silent Spectators When Executive Policies Infringe Citizens' Rights : SC In CO‚Ä¶","en","India",0,0,1,0,"neu",2021-06-02,NA,"India",0
"Got Vaccinated finally.. If you havent got your dose yet pls pls do book and get it soon #Covishield #CowinApp","en","Chennai, India",0,0,1,0,"neu",2021-06-02,"Chennai","India",0
"RT @airnewsalerts: ICMR approves one more home based test kit:  PanBio COVID-19 Antigen Rapid Test Device, Abbott Rapid Diagnostics Divisio‚Ä¶","en","Khairthal, India",0,0,1,0,"neu",2021-06-02,"Khairthal","India",0
"RT @sidhant: As part of Operation Samudra Setu II (Ocean Bridge), Indian Navy Ship Tarkash called at Saudi Arabia's Dammam Port to take on‚Ä¶","en","Delhi, India",0,0,1,0,"neu",2021-06-03,"Delhi","India",0
"#‡§Ö‡§¨‡§ï‡•Ä_‡§¨‡§æ‡§∞_‡§ï‡§∞‡•ã‡§°‡§º‡•ã‡§Ç_‡§¨‡•á‡§∞‡•ã‡§ú‡§ó‡§æ‡§∞
CMIE has revealed that 15 million people have lost their jobs in the second wave of Covi‚Ä¶ https://t.co/knegjYcjw3","en","Sohna, India",-0.3182,0.223,0.777,0,"neg",2021-06-03,"Sohna","India",-1
"RT @AimeeBaruah: Cycling is very essential for good health.

     Even if there is a great effect in cycling due to the current situation o‚Ä¶","en","Assam, India",0.7906,0,0.562,0.438,"pos",2021-06-03,"Assam","India",1
"As many as 335 COVID-19 patients were discharged from various COVID-19 care centres in Mizoram on Saturday.

Meanwh‚Ä¶ https://t.co/1aeffANCK6","en","New Delhi, India",0.4939,0,0.758,0.242,"pos",2021-06-05,"New Delhi","India",1
"RT @Andhravilasnews: J&amp;K: Weapon smuggling bid foiled, 2 terrorist associates held https://t.co/oB3vuIWfFs #oxygen #breakingnews #lockdowni‚Ä¶","en","India",-0.7845,0.58,0.42,0,"neg",2021-06-05,NA,"India",-1
"@narendramodi @AmitShah @myogiadityanath @BJP4India I   Congratulate to Honourable Prime Minister  to tackle covid‚Ä¶ https://t.co/837sMjnGVs","en","New Delhi, India",0.5719,0,0.575,0.425,"pos",2021-06-05,"New Delhi","India",1
"RT @rohanrgupta: The war is against COVID-19
Modi govt is busy fighting TWITTER

India needs FREE UNIVERSAL VACCINATION

BJP/RSS craving fo‚Ä¶","en","Patna, India",-0.4939,0.298,0.55,0.151,"neg",2021-06-07,"Patna","India",-1
"If #Communists are joining in alternative parties &amp; becoming #captalists , why can't the same communist ideology le‚Ä¶ https://t.co/uddTMDhmwM","en","Hyderabad, India",0.296,0,0.732,0.268,"pos",2021-06-07,"Hyderabad","India",1
"RT @timesofindia: PM Modi ends his address saying India will be victorious in the war against Covid-19

Live updates: https://t.co/vjgcvuae‚Ä¶","en","Tamil Nadu, India",-0.5994,0.281,0.719,0,"neg",2021-06-07,"Tamil Nadu","India",-1
"RT @AskAnshul: Actress Aisha Sultana said that Govt of India deployed coronavirus as a bioweapon in Lakshadweep.

6 days ago, Samajwadi Par‚Ä¶","en","Bengaluru, India",0,0,1,0,"neu",2021-06-08,"Bengaluru","India",0
"RT @IndiaToday: Under the new circular, the price of #Covishield has been fixed at 780, #Covaxin at 1,410, and #Sputnik V at 1,145.
#Corona‚Ä¶","en","Patna, India",0,0,1,0,"neu",2021-06-08,"Patna","India",0
"Kolkata Municipal Corporation (KMC) will put vaccination on hold in all 18 camps tomorrow, June 9, due to shortage‚Ä¶ https://t.co/t0I4zuLwhQ","en","India",0,0,1,0,"neu",2021-06-08,NA,"India",0
"RT @NSUIAssam: After Jorhat, Lakhimpur and Barpeta now our Dhubri @NSUI unit protested against SEBA/AHSEC board exams amid COVID-19. We wil‚Ä¶","en","Hojai, India",-0.25,0.143,0.857,0,"neg",2021-06-09,"Hojai","India",-1
"Unfortunately, some people aren‚Äôt helped by lifestyle changes or medications. Surgery may be an option for those pe‚Ä¶ https://t.co/j1pQmez01n","en","Hyderabad, India",0.4019,0,0.769,0.231,"pos",2021-06-09,"Hyderabad","India",1
"Are you Business owner and want to advetise your busienss like this then google this keyword - khojinINDIA and regi‚Ä¶ https://t.co/2NfN4ZS7sy","en","India",0.4215,0,0.678,0.322,"pos",2021-06-09,NA,"India",1
"The Supreme Court on Friday ordered the postponement of the INI-CET 2021 exam.

#INICET #INICET2021 https://t.co/ZXBFRJpcrU","en","India",0,0,1,0,"neu",2021-06-11,NA,"India",0
"RT @CongressOrBJP: The strength of any organisation is tested and measured during the times of crisis and adversities. During the current t‚Ä¶","en","New Delhi, India",0.4939,0,0.686,0.314,"pos",2021-06-11,"New Delhi","India",1
"RT @the_hindu: The daily #COVID19 count in India remained below the one-lakh mark for the fourth consecutive day with the country reporting‚Ä¶","en","India",0,0,1,0,"neu",2021-06-11,NA,"India",0
"RT @fekubawa: Narendra must answer and take accountability for loss of human lives due to:

üìå Ignorance after 1st COVID-19 case in India‚Ä¶","en","India",-0.3182,0.15,0.85,0,"neg",2021-06-12,NA,"India",-1
"RT @EFPIA: From raw materials to patients‚Äô arms ‚Äì how are #COVID19 vaccines made? 
üéôÔ∏èListen to our podcast with @pfizer @PfizerEUPolicy to‚Ä¶","en","India",0,0,1,0,"neu",2021-06-12,NA,"India",0
"RT @Sanju_Verma_: Asking for #Patent waiver for #Covid vaccine under #TRIPS,from Western nations who are signatories to WTO,by @narendramod‚Ä¶","en","Mumbai, India",0,0,1,0,"neu",2021-06-12,"Mumbai","India",0
"RT @ndtv: In Emotional Note, YouTuber Bhuvan Bam Mourns Loss Of Parents To Covid https://t.co/4NYzfeeI5K https://t.co/DWioXIhXgw","en","Gorakhpur, India",-0.6249,0.421,0.579,0,"neg",2021-06-13,"Gorakhpur","India",-1
"RT @ABVPVoice: The second wave of COVID-19 and the lockdown have had a severe impact on education field and the students. 

Karyakartas of‚Ä¶","en","Lucknow, India",0,0,1,0,"neu",2021-06-13,"Lucknow","India",0
"Got my first dose #vaccinated #Covishield","en","India",0,0,1,0,"neu",2021-06-13,NA,"India",0
"RT @PRupala: Labourers insured under ESIC and their families can avail free treatment for COVID-19. This has been enabled at 21 ESIC hospit‚Ä¶","en","Surat, India",0.5106,0,0.752,0.248,"pos",2021-06-14,"Surat","India",1
"RT @ndtvfeed: Maharashtra Records 8,129 New COVID-19 cases, Lowest In Over 3 Months https://t.co/ukeHPpQQPP https://t.co/b5tXeW29Yl","en","India",-0.3818,0.302,0.698,0,"neg",2021-06-14,NA,"India",-1
"@TVSCredit üëâUsing online modes of communication like our chatbot and saathi Apps.

 #SmartCustomerOfTheWeek‚Ä¶ https://t.co/4XyBLCFBbo","en","Chennai, India",0.3612,0,0.737,0.263,"pos",2021-06-14,"Chennai","India",1
"@globaltimesnews There are 1500 #ChineseVirus in #WuhanLab  üëá
All Worldleaders are silent on it, why Not Nuke this‚Ä¶ https://t.co/6im43oaQkD","en","Raipur, Chhattisgarh, India",0,0,1,0,"neu",2021-06-15,"Raipur","India",0
"Addition: ** Dr NK Arora is the chair of the #COVID working group within NTAGI","en","India",0,0,1,0,"neu",2021-06-15,NA,"India",0
"Headlines: Registration On #CoWIN Not Necessary For Vaccination, Clarifies Health Ministry | HW English‚Ä¶ https://t.co/ww9f0Otn6o","en","Mumbai, India",0,0,1,0,"neu",2021-06-15,"Mumbai","India",0
"Do not let this book of the law depart from your lips. Recite it by day and by night, that you may carefully observ‚Ä¶ https://t.co/yVA9oVvAHq","en","Thrissur, Kerala, India",0.4939,0,0.758,0.242,"pos",2021-06-16,"Thrissur","India",1
"The people of Merapani village received the #COVID relief packages initiated by Hon National @BJP4India Spokesperso‚Ä¶ https://t.co/EtNKHMuPJT","en","Nagaland, India",0.4767,0,0.744,0.256,"pos",2021-06-16,"Nagaland","India",1
"RT @Supriya23bh: Sources : 

Congress President Mrs Sonia Gandhi and Ms @priyankagandhi both have been #Vaccinated whereas 

Mr @RahulGandh‚Ä¶","en","Hyderabad, India",0,0,1,0,"neu",2021-06-16,"Hyderabad","India",0
"RT @RT_com: Florida governor pardons citizens facing fines for breaking Covid-19 restrictions

https://t.co/pezCTG5am2 https://t.co/DunGPsf‚Ä¶","en","IA,Jagdishpur,Amethi,UP,India",0.128,0.205,0.472,0.323,"pos",2021-06-17,"IA","India",1
"üí• Concern about #DeltaVariant
#DeltaPlus 
üí• Next waves are coming...

Source:
@OurWorldInData 

#Covid_19 

For mor‚Ä¶ https://t.co/Es7G3V1Olp","en","India",0,0,1,0,"neu",2021-06-17,NA,"India",0
"RT @kishanreddybjp: Join the webinar to interact with me and Shri @vijai63 ji on the #COVID-19 situation &amp; efforts of India, to be held on‚Ä¶","en","Hyderabad, India",0.296,0,0.784,0.216,"pos",2021-06-17,"Hyderabad","India",1
"Milkha Singh dies of Covid-19 related complications, five days after wife Nirmal Kaur's death || SnowflakeYT || ig_‚Ä¶ https://t.co/IdJIXCFI3T","en","Barabanki, India",-0.5994,0.231,0.769,0,"neg",2021-06-18,"Barabanki","India",-1
"RT @TOIHyderabad: 1,417 new Covid-19 cases, 12 deaths reported in Telangana https://t.co/pr4DTYq6uc","en","Hyderabad, India",-0.5994,0.438,0.562,0,"neg",2021-06-18,"Hyderabad","India",-1
"Indian sprint legend Milkha Singh- The Flying Sikh Passed away on Friday (18th June'21)at 11.30 p.m after a month-l‚Ä¶ https://t.co/5rd4evtYhq","en","Assam, India",0,0,1,0,"neu",2021-06-18,"Assam","India",0
"RT @rishidarda: If so many people can gather for a political event then should we not open shops, trains, restaurants? If you are confused‚Ä¶","en","Mumbai, India",0,0,1,0,"neu",2021-06-19,"Mumbai","India",0
"as my father Mr. Aafaque Akhtar unfortunately succumbed to Covid-19 complications on 18th May, we need 10 lakh for‚Ä¶ https://t.co/gQWpz3ESRm","en","Patna, India",0,0,1,0,"neu",2021-06-19,"Patna","India",0
"RT @Dr_PraneethK: Lactation &amp; Covid 19 status

1. Mother +ve &amp; Baby -ve = Continue Breast feeding

2. Mother -ve &amp; Baby +ve = Continue Brea‚Ä¶","en","India",0,0,1,0,"neu",2021-06-19,NA,"India",0
"RT @FalconDates: #ContestAlert
Match your Pack
Step1:Match your pack of #FalconDates and send us your Screenshot!
Step 2:Comment  us ""Done!‚Ä¶","en","Ludhiana, Punjab, India",0,0,1,0,"neu",2021-06-24,"Ludhiana","India",0
"RT @HER_WORLD_INDIA: ‚ÄºÔ∏èHER WORLD INDIA TALK SHOW UPDATE ‚ÄºÔ∏è

HER WORLD INDIA PRESENTS HER WORLD INDIA TALK SHOW ON ""DOMESTIC VIOLENCE &amp; HARA‚Ä¶","en","New Delhi, India",0,0,1,0,"neu",2021-06-24,"New Delhi","India",0
"Thank You to @benetton_india &amp; @chemistry_juicy for sponsoring 100 self-care boxes for covid-19 first responders at‚Ä¶ https://t.co/lOh7SYJ1LL","en","India",0.6908,0,0.513,0.487,"pos",2021-06-24,NA,"India",1
"If you have vaccinated with 1 dose you can't travel. You can travel only if you are vaccinated with both the doses.
#VACCINATION #COVISHIELD","en","Punjab, India",0,0,1,0,"neu",2021-06-26,"Punjab","India",0
"Breaking inüëâ

No delay, S-400 to arrive by December; System ‚Äòguaranteed‚Äô to perform  excellently even at altitude o‚Ä¶ https://t.co/s0PqE4jG30","en","Noida, India",0.1779,0.173,0.602,0.226,"pos",2021-06-26,"Noida","India",1
"@SonuSood @komalvyas1511 @GovindAgarwal_ @SoodFoundation
 Please help us.... üôèüèªüôèüèªüôèüèªüò≠üò≠üò≠ 
My aunt in critical conditi‚Ä¶ https://t.co/8D3gq9LkE6","en","Mulug, India",0.1531,0.269,0.385,0.346,"pos",2021-06-26,"Mulug","India",1
"@isomendratomar Hon. Sir, You are cordially invited to attained the COVID-19 vaccination camp facilitated by RWS in‚Ä¶ https://t.co/GJgkJ17Blr","en","Meerut, India",0,0,1,0,"neu",2021-06-27,"Meerut","India",0
"RT narendramodi ""We lost a capable officer, Shri Guruprasad Mohapatra to COVID-19. Even at the peak of his illness‚Ä¶ https://t.co/3zmAPuci6u","en","India",-0.6249,0.362,0.638,0,"neg",2021-06-27,NA,"India",-1
"RT @PMOIndia: Those who are spreading rumours on vaccines, let them be.

We all will do our work and ensure people around us get vaccinated‚Ä¶","en","Ahmadabad City, India",0,0,1,0,"neu",2021-06-27,"Ahmadabad City","India",0
